sense,author,work,form,corpus,source_id,note,context
boat,LL:isidore__19,,musculus,LL,isidore__19.shtml,,"[13] Rostratae naves vocatae ab eo quod in fronte rostra aerea habeant propter scopulos, ne feriantur et conlidantur. [14] Longae naves sunt quas dromones vocamus, dictae eo quod longiores sint ceteris: cuius contrarius musculus, curtum navigium. Dromo autem a decurrendo dictus; cursum enim Graeci DROMON vocant. [15] Classis dicta est a Graeco vocabulo, APO TON KALON, id est lignis; unde et calones naviculae quae ligna militibus portant. [16] A"
boat,LL:notitia1,,musculariorum,LL,notitia1.html,,"Campania: Praefectus classis Misenatium, Miseno. In Gallia: In provincia Riparensi: Praefectus classis fluminis Rhodani, Viennae siue Arelati. Praefectus classis barcariorum, Ebruduni Sapaudiae. Praefectus militum musculariorum, Massiliae Graecorum. Tribunus cohortis primae Flaviae Sapaudicae, Calaronae. In provincia Novempopulana: Tribunus cohortis Noevempopulanae, Lapurdo. In provincia Lugdunensi prima: Praefectus classis Araricae, Caba"
boat,LL:notitia2,,musculorum,LL,notitia2.html,,"e cohortis quintae pedaturae superioris, Nouioduno. Praefectus ripae legionis primae Ioviae cohortis quintae pedaturae inferioris, Accisso. Praefectus ripae legionis primae Ioviae cohortis ..... et secundae Herculiae musculorum Scythicorum et classis, Inplateypegiis. Officium autem habet ita: Principem de eodem officio, qui completa militia adorat protector. Numerarios et adiutores eorum. Commentariensem. Adiutorem. A libellis siue subscr"
fly,Boethius,De consolatione philosophiae,muscularum,PERSEUS,stoa0058/stoa001/stoa0058.stoa001.perseus-lat2.xml,"Boethius Cons. 2 pr.6: MUSCULA = dim. of musca, a fly.","esidere uideamini? Nunc si inter mures uideres unum aliquem ius sibi ac potestatem prae ceteris uindicantem, quanto mouereris cachinno! Quid uero, si corpus spectes, inbecillius homine reperire queas quos saepe muscularum quoque uel morsus uel in secreta quaeque reptantium necat introitus? Quo uero quisquam ius aliquod in quempiam nisi in solum corpus et quod infra corpus est, fortunam loquor, possit exserere? Num quidquam libero impe"
fly,LL:arnobius__arnobius2,,muscularum,LL,arnobius__arnobius2.shtml,Arnobius 2: flies.,"que cotidie fortunae, 2. et modo turpia facerent modo paterentur obscena, naufragiis ruinis incendiorum conflagrationibus ut perirent, pauperies alias, alias ut mendicitas premeret, ut ferarum paterentur aliae laniatus, muscularum aliae ut interirent veneno, claudae ut incederent aliae, ut aliae lumen amitterent, ut articulis sederent aliae colligatis, morbis denique obiectarentur ut cunctis, quos infelix et miseranda mortalitas diversarum sustin"
fly,LL:augustine__serm8,,musculas,LL,augustine__serm8.shtml,"Augustine Serm. 8: same, flies.","defecerunt? nihil hic quaererem? frustra factum uel scriptum putarem? faciunt magi faraonis contra Moysen de uirgis serpentes, de aqua sanguinem, faciunt ranas, faciunt haec. ueniunt ad tertiam plagam, id est, ad illas musculas quae appellantur scinifes, et ibi deficiunt qui fecerunt serpentes, qui fecerunt ranas, deficiunt ad muscas. non est prorsus, non est sine causa. pulsate mecum. tertia plaga haec cui contraria est? praecepto dei tertio,"
fly,LL:augustine__trin3,,musculae,LL,augustine__trin3.shtml,Augustine Trin. 3: musculae = tiny flies (sciniphes).,agi pharaonis similiter serpentes fecerunt et alia similia. Sed illud amplius est admirandum quomodo magorum illa potentia quae serpentes facere potuit ubi ad muscas minutissimas uentum est omnino defecit. Scinifes enim musculae sunt breuissimae qua tertia plaga superbus aegyptius populus caedebatur. Ibi certe deficientes magi dixerunt: Digitus dei est hoc. Vnde intellegi datur ne ipsos quidem transgressores angelos et aerias potestates in imam
fly,LL:orosius__orosius7,,musculas,LL,orosius__orosius7.shtml,"Orosius 7: same, flies.","er ostendit satellitum militumque eius improbis effrenatisque discursibus cruentissimi iussa principis exsequentum ad inopiam paene omnes ciues Romanos adactos exilioque dispersos. 6 ibi tertia uexatio habuit sciniphes, musculas scilicet paruissimas ac saeuissimas, quae mediis saepe aestibus per loca squalida coadunatim uibrando densatae tinnulo uolatu adlabi solent capillisque hominum ac pecudum saetis cum urente morsu interseri: hic itidem te"
military-shed,Julius Caesar,Gallic War,musculos,PERSEUS,phi0448/phi001/phi0448.phi001.perseus-lat2.xml,,"mque tempore equitatus ad campestres munitiones accedere et reliquae copiae pro castris sese ostendere coeperunt. Vercingetorix ex arce Alesiae suos conspicatus ex oppido egreditur; crates, longurios, musculos, falces reliquaque quae eruptionis causa paraverat profert. Pugnatur uno tempore omnibus locis, atque omnia temptantur: quae minime visa pars firma est, huc concurritur. Romanorum manus tantis muniti"
military-shed,Julius Caesar,Civil War,musculum,PERSEUS,phi0448/phi002/phi0448.phi002.perseus-lat2.xml,,"vulnere ac periculo vi tabulata exstruxerunt fenestrasque, quibus in locis visum est, ad tormenta mittenda in struendo reliquerunt. Ubi ex ea turri quae circum essent opera tueri se posse sunt confisi, musculum pedes lx longum ex materia bipedali, quem a turri latericia ad hostium turrim murumque perducerent, facere instituerunt. cuius musculi haec erat forma. duae primum trabes in solo aeque longae distantes inter se"
military-shed,Julius Caesar,Civil War,musculi,PERSEUS,phi0448/phi002/phi0448.phi002.perseus-lat2.xml,,"Ubi ex ea turri quae circum essent opera tueri se posse sunt confisi, musculum pedes lx longum ex materia bipedali, quem a turri latericia ad hostium turrim murumque perducerent, facere instituerunt. cuius musculi haec erat forma. duae primum trabes in solo aeque longae distantes inter se pedes iiii collocantur inque eis columellae pedum in altitudinem v defiguntur. has inter se capreolis molli fastigio coniungunt, ubi ti"
military-shed,Julius Caesar,Civil War,musculi,PERSEUS,phi0448/phi002/phi0448.phi002.perseus-lat2.xml,,"t forma. duae primum trabes in solo aeque longae distantes inter se pedes iiii collocantur inque eis columellae pedum in altitudinem v defiguntur. has inter se capreolis molli fastigio coniungunt, ubi tigna quae musculi tegendi causa ponant collocentur. eo super tigna bipedalia iniciunt eaque aminis clavisque religant. lad extremum musculi tectum trabesque extremas quadratas regulas iiii patentis digitos defigunt, quae lateres,"
military-shed,Julius Caesar,Civil War,musculi,PERSEUS,phi0448/phi002/phi0448.phi002.perseus-lat2.xml,,"em v defiguntur. has inter se capreolis molli fastigio coniungunt, ubi tigna quae musculi tegendi causa ponant collocentur. eo super tigna bipedalia iniciunt eaque aminis clavisque religant. lad extremum musculi tectum trabesque extremas quadratas regulas iiii patentis digitos defigunt, quae lateres, qui super musculo struantur, contineant. ita fastigato atque ordinatim structo ut trabes erant in capreolis collocatae, l"
military-shed,Julius Caesar,Civil War,musculo,PERSEUS,phi0448/phi002/phi0448.phi002.perseus-lat2.xml,,"usa ponant collocentur. eo super tigna bipedalia iniciunt eaque aminis clavisque religant. lad extremum musculi tectum trabesque extremas quadratas regulas iiii patentis digitos defigunt, quae lateres, qui super musculo struantur, contineant. ita fastigato atque ordinatim structo ut trabes erant in capreolis collocatae, lateribus lutoque musculus, ut ab igni qui ex muro iaceretur tutus esset, contegitur. super lateres c"
military-shed,Julius Caesar,Civil War,musculus,PERSEUS,phi0448/phi002/phi0448.phi002.perseus-lat2.xml,,"extremas quadratas regulas iiii patentis digitos defigunt, quae lateres, qui super musculo struantur, contineant. ita fastigato atque ordinatim structo ut trabes erant in capreolis collocatae, lateribus lutoque musculus, ut ab igni qui ex muro iaceretur tutus esset, contegitur. super lateres coria inducuntur, ne canalibus aqua immissa lateres diluere posset. coria autem ne rursus igni ac lapidibus corrumpantur, centonibus conte"
military-shed,Julius Caesar,Civil War,musculum,PERSEUS,phi0448/phi002/phi0448.phi002.perseus-lat2.xml,,"ibus machinatione navali phalangis subiectis ad turrim hostium admovent, ut aedificio iungatur. Quo malo perterriti subito oppidani saxa, quam maxima possunt, vectibus promovent, praecipitataque muro in musculum devolvunt. ictum firmitas materiae sustinet, et quidquid incidit, fastigio musculi elabitur. id ubi vident, mutant consilium; cupas taeda ac pice refertas incendunt easque de muro in musculum devolvunt. involuta"
military-shed,Julius Caesar,Civil War,musculi,PERSEUS,phi0448/phi002/phi0448.phi002.perseus-lat2.xml,,"o iungatur. Quo malo perterriti subito oppidani saxa, quam maxima possunt, vectibus promovent, praecipitataque muro in musculum devolvunt. ictum firmitas materiae sustinet, et quidquid incidit, fastigio musculi elabitur. id ubi vident, mutant consilium; cupas taeda ac pice refertas incendunt easque de muro in musculum devolvunt. involutae labuntur, delapsae ab lateribus longuriis furcisque ab opere removentur."
military-shed,Julius Caesar,Civil War,musculum,PERSEUS,phi0448/phi002/phi0448.phi002.perseus-lat2.xml,,"cipitataque muro in musculum devolvunt. ictum firmitas materiae sustinet, et quidquid incidit, fastigio musculi elabitur. id ubi vident, mutant consilium; cupas taeda ac pice refertas incendunt easque de muro in musculum devolvunt. involutae labuntur, delapsae ab lateribus longuriis furcisque ab opere removentur. interim sub musculo milites vectibus infima saxa turris hostium, quibus fundamenta continebantur, convellunt. musculu"
military-shed,Julius Caesar,Civil War,musculo,PERSEUS,phi0448/phi002/phi0448.phi002.perseus-lat2.xml,,"id ubi vident, mutant consilium; cupas taeda ac pice refertas incendunt easque de muro in musculum devolvunt. involutae labuntur, delapsae ab lateribus longuriis furcisque ab opere removentur. interim sub musculo milites vectibus infima saxa turris hostium, quibus fundamenta continebantur, convellunt. musculus ex turri latericia a nostris telis tormentisque defenditur; hostes ex muro ac turribus submoventur; non datur libera mur"
military-shed,Julius Caesar,Civil War,musculus,PERSEUS,phi0448/phi002/phi0448.phi002.perseus-lat2.xml,,"usculum devolvunt. involutae labuntur, delapsae ab lateribus longuriis furcisque ab opere removentur. interim sub musculo milites vectibus infima saxa turris hostium, quibus fundamenta continebantur, convellunt. musculus ex turri latericia a nostris telis tormentisque defenditur; hostes ex muro ac turribus submoventur; non datur libera muri defendendi facultas. compluribus iam lapidibus ex illa quae suberat turri subductis repen"
military-shed,Julius Caesar,Civil War,musculum,PERSEUS,phi0448/phi002/phi0448.phi002.perseus-lat2.xml,,"ntina fortuna permoti arma quae possunt adripiunt, alii ex castris sese incitant. fit in hostis impetus eorum, sed de muro sagittis tormentisque fugientes persequi prohibentur. illi sub murum se recipiunt ibique musculum turrimque latericiam libere incendunt. ita multorum mensum labor hostium perfidia et vi tempestatis puncto temporis interiit. temptaverunt hoc idem Massilienses postero die. eandem nacti tempestatem maiore cum f"
military-shed,Julius Caesar,Civil War,musculosque,PERSEUS,phi0448/phi002/phi0448.phi002.perseus-lat2.xml,,"urratur; longinquam oppugnationem sustinere non posse. Scipio discessu exercituum ab Dyrrachio cognito Larisam legiones adduxerat; Pompeius nondum Thessaliae adpropinquabat. Caesar castris munitis scalas musculosque ad repentinam oppugnationem fieri et crates parari iussit. quibus rebus effectis cohortatus milites docuit, quantum usum haberet ad sublevandam omnium rerum inopiam potiri oppido pleno atque opulento, simul reli"
military-shed,LL:isidore__18,,Musculus,LL,isidore__18.shtml,,"um demissus quo aries percutit; laxo enim saccorum sinu ictus arietis inlisus mollitur. Duriora enim mollioribus facilius cedunt. [3] Plutei sunt crates corio crudo intextae, quae in opere faciendo hosti obiciuntur. [4] Musculus cuniculo similis fit, quo murus perfoditur; ex quo et appellatus, quasi murusculus. XII. DE CLYPEIS. [1] Clipeus est scutus maior, dictus ab eo quod clipet, id est celet, corpus periculisque subducat, APO TOU KLEPTEIN."
military-shed,LL:vegetius2,,musculos,LL,vegetius2.html,,"quibus terra portetur. Habet quoque dolabras secures ascias serras, quibus materies ac pali dedolantur atque serrantur. Habet praeterea artifices cum omnibus ferramentis, qui ad obpugnandas hostium ciuitates testudines musculos arietes uineas, ut appellant, turres etiam ambulatorias faciunt. Verum ne singula enumerando plura dicantur, uniuersa, quae in quocumque belli genere necessaria esse creduntur, secum legio debet ubique portare, ut, in q"
military-shed,LL:vegetius4,,musculis,LL,vegetius4.html,,"XI. Si sales defuerint. XII. Quid faciendum, cum primo impetu uenitur ad muros. XIII. Enumeratio machinarum, quibus muri obpugnantur. XIIII. De ariete falce testudine. XV. De uineis, de pluteis, de aggere. XVI. De musculis. XVII. De turribus ambulatoriis. XVIII. Quemadmodum ambulatoria turris possit incendi. XVIIII. Quemadmodum altitudo muris addatur. XX. Quo pacto suffodiatur terra, ut machina nocere nihil possit. XXI. De scalis sam"
military-shed,LL:vegetius4,,musculi,LL,vegetius4.html,,"Quod si a fidentibus siue militaribus uiris repellatur prima congressio, statim clausis crescit audacia, et iam non terrore, sed uiribus et arte confligitur. XIII. Admouentur enim testudines arietes falces uineae plutei musculi turres; de quibus singulis, qualiter fabricentur, quo etiam pacto proelientur uel repellantur, edisseram. XIIII. De materia ac tabulatis testudo contexitur, quae, ne exuratur incendio, coriis uel ciliciis centonibusque"
military-shed,LL:vegetius4,,Musculos,LL,vegetius4.html,,"s siue fundis uel missibilibus defensores omnes de propugnaculis ciuitatis exturbant, ut scalis ascendendi facilior praestetur occasio. Agger autem ex terra lignisque extollitur contra murum, de quo tela iactantur. XVI. Musculos dicunt minores machinas, quibus protecti bellatores sudatum auferunt ciuitatis; fossatum etiam adportatis lapidibus lignis ac terra non solum conplent sed etiam solidant, ut turres ambulatoriae sine inpedimento iungantu"
military-shed,LL:vegetius4,,musculi,LL,vegetius4.html,,"llatores sudatum auferunt ciuitatis; fossatum etiam adportatis lapidibus lignis ac terra non solum conplent sed etiam solidant, ut turres ambulatoriae sine inpedimento iungantur ad murum. Vocantur autem a marinis beluis musculi; nam quemadmodum illi, cum minores sint, tamen ballenis auxilium adminiculumque iugiter exhibent, ita istae machinae breuiores (uel) deputatae turribus magnis aduentui illarum parant uiam itineraque praemuniunt. XVII. T"
military-shed,Pseudo-Caesar,De Bello Alexandrino,musculis,PERSEUS,phi0428/phi001/phi0428.phi001.perseus-lat1.xml,,"ege Nabataeorum Malcho evocat; tormenta undique conquiri et frumentum mitti, auxilia adduci iubet. Interim munitiones cotidie operibus augentur atque omnes oppidi partes, quae minus esse firmae videntur, testudinibus ac musculis aptantur; ex aedificiis autem per foramina in proxima aedificia arietes immittuntur, quantumque aut ruinis deicitur aut per vim recipitur loci, in tantum munitiones proferuntur. Nam incendio fere tuta est Alexandrea, qu"
mouse,"Celsus, Aulus Cornelius",De Medicina,musculorum,PERSEUS,phi0836/phi002/phi0836.phi002.perseus-lat5.xml,,"super eas transversa: dein duabus super aures, una inter eas item transversa: tribus inter verticem et frontem rectis. Reperti sunt, qui a vertice rectas eas lineas ad tempora deducerent; cognitisque ex motu maxillarum musculorum initiis, leviter super eos cutem inciderent, diductisque per retusos hamos oris, insererent linamenta, ut neque inter se cutis antiqui fines committerentur, et in medio caro incresceret, quae venas, ex quibus humor ad o"
mouse,"Cicero, Marcus Tullius",De Republica,musculos,PERSEUS,phi0474/phi043/phi0474.phi043.perseus-lat2.xml,,"etur, iustitia an sapientia est e minimo omnium maximus factus? praeter Arcadas et Atheniensis, qui, credo, timentes hoc interdictum iustitiae ne quando existeret, commenti sunt se de terra tamquam hos ex arvis musculos extitisse. Ad haec illa dici solent primum ab iis, qui minime sunt in disserendo mali, qui in ea causa eo plus auctoritatis habent, quia, cum de viro bono quaeritur, quem apertum et simplicem volumus es"
mouse,LL:fronto,,musculus,LL,fronto.html,Fronto: a 'mouse' who might nose out the letter.,"collo furtim carpsisse coronas, postquam est inpransi correptus voce magistri.” 6 Versus quos mihi miseras remisi tibi per Victorinum nostrum atque ita remisi: Chartam diligenter lino transui et ita linum obsignavi, ne musculus iste aliquid aliqua rimari possit. Nam mihi ipse de tuis hexametris numquam quicquam impertivit, ita est malus ac malitiosus. Sed ait te de industria cito et cursim hexametros tuos recitare: Eo se memoriae mandare non p"
mouse,LL:solinus3,,musculis,LL,solinus3.html,,"us quam semel gignunt, nec plures quam singulos. Vivunt annos trecentos. Impatientissimi frigoris. Truncos edunt, lapides hauriunt, gratissimas in cibatu habent palmas. Odorem muris vel maxime fugiunt: pabula etiam, quæ musculis contacta sunt, recusant. Si quis casu chamæleontem devoraverit, vermem elephantis veneficum, oleastro sumpto pesti medetur. Durissimum dorso tergus est, ventri mollius. Setarum hirsutia nullæ. Inter hos et dracones jugi"
mouse,LL:solinus3a,,musculis,LL,solinus3a.html,,"am semel gignunt, nec plures quam singulos. vivunt in annos trecentos. inpatientissimi frigoris. truncos edunt, lapides hauriunt, gratissimas in cibatu habent palmas. odorem muris vel maxime fugiunt: pabula etiam quae a musculis contacta sint recusant. si quis casu chamaeleontem devoraverit, vermem elephantis veneficum, oleastro sumpto pesti medetur. durissimum dorso tergus est, ventri mollius. setarum hirsutiae nullae. inter hos et dracones iu"
mouse,LL:solinus5,,musculis,LL,solinus5.html,,"semel gignunt, nec plures quam singulos. 9 Viuunt in annos trecentos. Inpatientissimi frigoris. Truncos edunt, lapides hauriunt, gratissimas in cibatu habent palmas. Odorem muris uel maxime fugiunt; pabula etiam quae a musculis contacta sint recusant. 10 Si quis casu chamaeleontem deuorauerit, uermem elephantis ueneficum, oleastro sumpto pesti medetur. Durissimum dorso tergus est, uentri mollius. Setarum hirsutiae nullae. Inter hos et dracones"
mouse,"Pliny, the Elder",Naturalis Historia,musculi,PERSEUS,phi0978/phi001/phi0978.phi001.perseus-lat2.xml,,"scilicet quam reliquam cum singulis hominum societatem . siquidem et pericula praemonent non fibris modo extisque, circa quod magna mortalium portio haeret, sed alia quadam significatione. ruinis inminentibus musculi praemigrant , aranei cum telis primi cadunt. auguria quidem artem fecere apud Romanos et sacerdotum collegium vel maxime sollemne. est inter ea locis rigentibus et volpes, animal alioqui sollertia dirum. amnes gelatos"
mouse,"Pliny, the Elder",Naturalis Historia,musculorum,PERSEUS,phi0978/phi001/phi0978.phi001.perseus-lat2.xml,"Plin. NH 27.104: myosotis, 'mouse-ear' plant.","VI, eximi a purgatione quibus datur e gallinaceo iu re . — Alsine , quam quidam myosoton appellant, nascitur in lucis, unde et alsine dicta est. incipit a media hieme , arescit aestate media. cum prorepit, musculorum aures imitatur foliis. sed aliam docebimus esse quae iustius myosotis vocetur. haec eadem erat quae hel x ine , nisi minor minusque hirsuta esset. nascitur in hortis et maxime parietibus . cum teritur, odorem cucumeri"
mouse,"Pliny, the Elder",Naturalis Historia,musculis,PERSEUS,phi0978/phi001/phi0978.phi001.perseus-lat2.xml,,"n ventrali habitum. somnos adlicit olfactum aut inscio sub capite positum. vestibus insertum tineas arcet. culices ex oleo perunctis abigit et fumo, si uratur. atramentum librarium ex diluto eius temperatum litteras a musculis tuetur. capillum denigrat absinthii cinis unguento rosaceoque permixtus. — Est et absinthium marinum , quod quidam seriphum vocant, probatissimum in Taposiri Aegypti. huius ramum Isiaci praeferre sollemne"
mouse-aquatic,LL:pliny.nh2,,musculi,LL,pliny.nh2.html,Plin. NH 2.227: water-mice in a spring; TLL puts this under mus aquatilis.,"erbae virentes innascuntur, Pisanorum ranae, ad Vetulonios in Etruria non procul a mari pisces. in Casinate fluvius appellatur Scatebra, frigidus, abundantior aestate; in eo, ut in Arcadia Stymphali, nascuntur aquatiles musculi. [228] in Dodone Iovis fons, cum sit gelidus et inmersas faces extinguat, si extinctae admoveantur, accendit. idem meridie semper deficit, qua de causa anapauomenon vocant, mox increscens ad medium noctis exuberat, ab"
mouse-aquatic,"Pliny, the Elder",Naturalis Historia,musculi,PERSEUS,phi0978/phi001/phi0978.phi001.perseus-lat2.xml,Plin. NH 2.227: water-mice in a spring; TLL puts this under mus aquatilis.,"bae virentes innascuntur, Pisanorum ranae, ad Vetulonios in Etruria non procul a mari pisces. in Casinate fluvius appellatur Scatebra , frigidus , abundantior aestate; in eo, ut in Arcadia Stymphali, nascuntur aquatiles musculi. in Dodone Iovis fons, cum sit gelidus et inmersas faces extinguat, si extinctae admoveantur , accendit. idem meridie semper deficit, qua de causa ἀναπαυόμενον vocant, mox increscens ad medium noctis exuberat, a"
mouse-aquatic,"Pliny, the Elder",Naturalis Historia,musculi,PERSEUS,phi0978/phi001/phi0978.phi001.perseus-lat2.xml,Plin. NH 9.179: mice half-formed from Nile mud.,"m facit vitam , subterranei animalis , nisi forte vermium terrenorum et his piscibus natura inest. Verum omnibus his fidem Nili inundatio adfert omnia excedente miraculo . quippe detegente eo musculi reperiuntur inchoato opere genitalis aquae terraeque, iam parte corporis viventes, novissima effigie etiamn um terrena. Nec de anthia pisce sileri convenit quae pierosque adverto credidisse."
muscle,Apuleius,Metamorphoses,musculos,PERSEUS,phi1212/phi002/phi1212.phi002.perseus-lat1.xml,Celsus surgical context; anatomical by default in this work.,"trorepens mustela contra me constitit obtutumque acerrimum in me destituit, ut tantillula animalis prae nimia sui fiducia mihi turbarit animum: denique sic ad illam Quin abis inquam Impurata bestia, teque ad tui similes musculos recondis, antequam nostri vim praesentariam experiaris? Quin abis? Terga vortit et cubiculo protinus exterminatur: nec mora, cum me somnus profundus in imum barathrum repente demergit, ut ne deus quidem Delphicus ipse f"
muscle,Apuleius,Metamorphoses,musculos,PERSEUS,phi1212/phi002/phi1212.phi002.perseus-lat1.xml,Apuleius Met. 8.27: the Syrian priests bite their own muscles.,"ab ingressu primo statim absonis ululatibus constrepentes fanatice pervolant, diuque capite demisso cervices lubricis intorquentes motibus crinesque pendulos in circulum rotantes, et nonnunquam morsibus suos incursantes musculos, ad postremum ancipiti ferro quod gerebant sua quisque brachia dissicant. Inter haec unus ex illis bacchatur effusius ac de imis praecordiis anhelitus crebros referens, velut numinis divino spiritu repletus, simulabat s"
muscle,"Celsus, Aulus Cornelius",De Medicina,musculosum,PERSEUS,phi0836/phi002/phi0836.phi002.perseus-lat5.xml,,"evis sit: eaque descendens ad praecordia cum pulmone committitur. Is spongiosus, ideoque spiritus capax, et a tergo spinae ipsi junctus, in duas fibras ungulae bubulae modo dividitur. Huic cor annexum est, natura musculosum, in pectore sub sinisteriore sinistriore mamma situm; duosque quasi ventriculos habet. At sub corde atque pulmone transversum ex valida membrana septum est, quod a praecordiis uterum (id est diducit; idque nervosum, m"
muscle,"Celsus, Aulus Cornelius",De Medicina,musculosus,PERSEUS,phi0836/phi002/phi0836.phi002.perseus-lat5.xml,,"inis scissilis modice cocti, singulorum p. )-(. I. aeris combusti, capitulorum mali punici, singulorum p. )-(. III. Hunc oportet diluere aceto, ac sic, ubi vulnus glutinandum est, illinire inlinere . At, si nervosus aut musculosus is locus est, commodius est, cerato miscere, sic, ut illius octo partes, nona hujus sit. Alius ad idem constat ex his: bituminis, aluminis scissilis, singulcrum singulorum p. )-(. I. aeris combusti p. )-(. IV. s"
muscle,"Celsus, Aulus Cornelius",De Medicina,musculum,PERSEUS,phi0836/phi002/phi0836.phi002.perseus-lat5.xml,,"ue poplitibus, sed etiam in iis venis quae ad anum testiculosque perveniunt. Praeter haec malum vulnus est, quodcumque in alis, vel feminibus, vel inanibus locis, vel in articulis, vel inter digitos est: item quodcumque musculum, aut nervum, aut arteriam, aut membranam, aut os, aut cartilaginem laesit . Tutissimum omnium, quod in carne est. Et haec quidem loco vel pejora, vel meliora sunt. Modo vero periculum facit quodcumque magnum est."
muscle,"Celsus, Aulus Cornelius",De Medicina,musculus,PERSEUS,phi0836/phi002/phi0836.phi002.perseus-lat5.xml,,"tercidendaeque sunt , ut et in se ipsae coeant, et nihilo minus ora praeclusa habeant. Ubi ne id quidem res patitur, possunt ferro candenti aduri. Sed etiam satis multo sanguine effuso ex eo loco quo neque nervus, neque musculus est, ut, puta, in fronte, vel superiore capitis parte, commodissimum tamen est cucurbitulam admovere a diversa parte, ut illuc sanguinis cursus revocetur. Et adversus profusionem quidem in his auxilium est: adve"
muscle,"Celsus, Aulus Cornelius",De Medicina,musculus,PERSEUS,phi0836/phi002/phi0836.phi002.perseus-lat5.xml,,"lluc sanguinis cursus revocetur. Et adversus profusionem quidem in his auxilium est: adversus inflammationem autem in ipso sanguinis cursu. Ea timeri potest, ubi laesum est vel os, vel nervus, vel cartilago, vel musculus; aut ubi parum sanguinis pro modo vulneris fluxit. Ergo quoties quid tale erit, sanguinem mature supprimere non oportebit; sed pati fluere, dum tutum erit, adeo ut si parum fluxisse videbitur, mitti quoque ex brachio de"
muscle,"Celsus, Aulus Cornelius",De Medicina,musculus,PERSEUS,phi0836/phi002/phi0836.phi002.perseus-lat5.xml,,"; sed pati fluere, dum tutum erit, adeo ut si parum fluxisse videbitur, mitti quoque ex brachio debeat; utique si corpus juvenile et robustum et exercitatum est: multoque magis, si id vulnus ebrietas praecessit. Quod si musculus laesus videbitur, praecidendus erit: nam percussus, mortiferus est; praecisus, sanitatem recipit. Sanguine autem vel suppresso, si nimius erumpit; vel exhausto, si per se parum fluxit; longe optimum es"
muscle,"Celsus, Aulus Cornelius",De Medicina,musculi,PERSEUS,phi0836/phi002/phi0836.phi002.perseus-lat5.xml,,"nervis idoneum est: eminentibusque partibus ea quam Graeci ῤάπτουσαν vocant . Solet etiam, colliso corpore, exigua parte findi cutis. Quod ubi incidit, non alienum est scalpello latius aperire; nisi musculi, nervique juxta sunt, quos incidi non expedit: ubi satis diductum est, medicamentum imponendum est. At si id quod collisum est, quamvis parum diductum est, latius tamen aperiri propter nervos aut musculos non licet, adh"
muscle,"Celsus, Aulus Cornelius",De Medicina,musculos,PERSEUS,phi0836/phi002/phi0836.phi002.perseus-lat5.xml,,"s aperire; nisi musculi, nervique juxta sunt, quos incidi non expedit: ubi satis diductum est, medicamentum imponendum est. At si id quod collisum est, quamvis parum diductum est, latius tamen aperiri propter nervos aut musculos non licet, adhibenda sunt ea quae humorem leniter extrahant; praecipueque ex his id, quod ῤυπῶδεσ vocari proposui . Non alienum est etiam, ubicumque vulnus grave est, imposito quo id juvetur, insuper circumdare lanam su"
muscle,"Celsus, Aulus Cornelius",De Medicina,musculosus,PERSEUS,phi0836/phi002/phi0836.phi002.perseus-lat5.xml,,"proposui . Non alienum est etiam, ubicumque vulnus grave est, imposito quo id juvetur, insuper circumdare lanam succidam ex aceto et oleo: vel cataplasma, si mollis is locus est, quod leniter reprimat; si nervosus, aut musculosus, quod emolliat. Fascia vero ad vulnus deligandum lintea aptissima est; eaque lata esse debet, ut semel injecta non vulnus tantum, sed paulum utrimque etiam oras ejus comprehendat. Si ab altera parte ca"
muscle,"Celsus, Aulus Cornelius",De Medicina,musculive,PERSEUS,phi0836/phi002/phi0836.phi002.perseus-lat5.xml,,"rum, cibi boni succi, vitatis omnibus acribus; sed jam pleniores. Nam et avis, et venatio, et suilla elixa dari potest. Vinum omnibus, dum febris, dum inflammatio est, alienum est: itemque usque ad cicatricem, si nervi, musculive vulnerati sunt; etiam si alte caro. At si plaga in summa cute generis tutioris est, potest non pervetus, modice tamen datum, ad implendum quoque proficere. Si quid molliendum est, quod in nervosis locis, muscul"
muscle,"Celsus, Aulus Cornelius",De Medicina,musculosisque,PERSEUS,phi0836/phi002/phi0836.phi002.perseus-lat5.xml,,"culive vulnerati sunt; etiam si alte caro. At si plaga in summa cute generis tutioris est, potest non pervetus, modice tamen datum, ad implendum quoque proficere. Si quid molliendum est, quod in nervosis locis, musculosisque necessarium est, cerato quoque super vulnus utendum est. At si caro supercrevit, modice reprimit siccum linamentum; vehementius squama aeris. Si plus est, quod tolli opus est, adhibenda sunt etiamnum vehementiora, quae"
muscle,"Celsus, Aulus Cornelius",De Medicina,musculi,PERSEUS,phi0836/phi002/phi0836.phi002.perseus-lat5.xml,,"us purulenta curantur; eodemque modo ad sanitatem perducendum est. Gangraenam vero, si nondum plane tenet, sed adhuc incipit, curare non difficillimum est; utique in corpore juvenili: et magis etiam si musculi integri sunt; si nervi vel laesi non sunt, vel leviter affecti sunt; neque ullus magnus articulus nudatus est; aut carnis in eo loco paulum est, ideoque non multum, quod putresceret, fuit; consistitque eo loco vitium,"
muscle,"Celsus, Aulus Cornelius",De Medicina,musculosus,PERSEUS,phi0836/phi002/phi0836.phi002.perseus-lat5.xml,,"igitis verberatur: exsaniat enim. Ac salsamentum quoque recte super id vulnus deligatur. Utique autem, si rabiosus canis fuit, cucurbitula virus ejus extrahendum est. Deinde, si locus neque nervosus, neque musculosus est, vulnus id adurendum est: si uri non potest, sanguinem homini mitti non alienum est. Tum usto quidem vulneri superimponenda quae ceteris ustis sunt: ei vero quod expertum ignem non est, ea medicamenta, quae vehement"
muscle,"Celsus, Aulus Cornelius",De Medicina,musculum,PERSEUS,phi0836/phi002/phi0836.phi002.perseus-lat5.xml,,"tur reperiuntur . Expedita curatio est in fistula simplici recenti, intra canem: adjuvatque ipsam corpus, si juvenile, si firmum est. Inimica contraria his sunt: itemque, si fistula os, vel cartilaginem, vel nervum, vel musculum laesit; si articulum occupavit; si vel ad vesicam, vel ad pulmonem, vel ad vulvam, vel ad grandes venas arteriasve, vel ad inania, ut guttur, stomachum, thoracem penetravit. Ad intestina quoque eam tendere, sem"
muscle,"Celsus, Aulus Cornelius",De Medicina,musculus,PERSEUS,phi0836/phi002/phi0836.phi002.perseus-lat5.xml,,"tunica inviolata servanda est. Protinus autem alba et intenta se ostendit. Tum scalpelli manubriolo diducenda a cute et carne est, ejiciendaque cum eo, quod intus tenet. Si quando tamen ab inferiore parte tunicae musculus inhaesit, ne is laedatur, superior pars illius decidenda, alia inibi relinquenda est. Ubi tota exemta exempta est, committendae orae, fibulaque his injicienda, et super medicamentum glutinans dandum est. Ubi vel tota tu"
muscle,"Celsus, Aulus Cornelius",De Medicina,musculi,PERSEUS,phi0836/phi002/phi0836.phi002.perseus-lat5.xml,,"ra tempora, et inter verticem ac frontem: deinde cervice resoluta, qua notae sunt, venas incidere, et sanguinem mittere: ubi satis fluxit, tenuibus ferramentis adurere: contra tempora quidem timide, ne subjecti musculi, qui maxillas tenent, sentiant: inter frontem vero et verticem vehementer, ut squama ab osse secedat. Efficacior tamen etiamnum est Afrorum curatio, qui verticem usque ad os adurunt sic, ut squamam remittat. Sed nihil m"
muscle,"Celsus, Aulus Cornelius",De Medicina,musculis,PERSEUS,phi0836/phi002/phi0836.phi002.perseus-lat5.xml,,"t, totis oris paulatim extenuantur; atque ita inferiora ossa superioribus leniter insidunt. Crassissimum vero in capite os post aurem est, qua capillus, ut verisimile est, ob id ipsum non gignitur. Sub iis quoque musculis, qui tempora connectunt, os medium , in exteriorem partem inclinatum, positum est . At facies suturam habet maximam; quae a tempore incipiens, per medios oculos naresque transversa pervenit ad alterum tempus. A qua brev"
muscle,"Celsus, Aulus Cornelius",De Medicina,musculis,PERSEUS,phi0836/phi002/phi0836.phi002.perseus-lat5.xml,,"s exigit, immobiles sunt. Verum ipsius maxillae partes extremae quasi bicornes sunt. Alter processus, infra latior, vertice ipso tenuatur, longiusque procedens sub osse jugali subit, et super id temporum mussulis musculis illigatur. Alter brevior et rotundior, et in eo sinu, qui juxta foramina auris est, cardinis modo fit; ibique huc et illuc se inclinans maxillae facultatem motus praestat. Duriores osse dentes sunt: quorum pars m"
muscle,"Celsus, Aulus Cornelius",De Medicina,musculis,PERSEUS,phi0836/phi002/phi0836.phi002.perseus-lat5.xml,,"latescentia ad spinam tendunt; et quo latiora quaque parte sunt, hoc hebetiora. Atque ipsa quoque, in imo cartilaginosa, posteriore parte velut innatant; quoniam, nisi in summo nulli ossi inhaerescunt. Ibi vero validis musculis nervisque constricta sunt. At a summa costa paulo interius, quam ubi ea media est, os excrescit , ibi quidem tenue, procedens vero, quo propius lato scapularum ossi fit, eo plenius latiusque et paulum in exteriora curva"
muscle,"Celsus, Aulus Cornelius",De Medicina,musculos,PERSEUS,phi0836/phi002/phi0836.phi002.perseus-lat5.xml,,"lis procedentibus lingulis cutis subsecatur. Inter quae, si sanguis fertur, spongia subinde in aceto tincta cohibendus est, occupandusque objectis linamentis, et caput altius excitandum. Neque id ullum metum, nisi inter musculos, qui tempora continent, affert: sed ibi quoque nihil tutius fit . In omni vero fisso fractove osse protinus antiquiores medici ad ferramenta veniebant, quibus id exciderent. Sed multo melius est ante emplastra e"
muscle,"Celsus, Aulus Cornelius",De Medicina,musculum,PERSEUS,phi0836/phi002/phi0836.phi002.perseus-lat5.xml,,"interdum obliquum; atque id ipsum nonnumquam retusa habet capita, nonnumquam acuta; quod genus pessimum est; quia neque facile committuntur, quae nulli retuso innituntur, et carnem vulnerant, interdum nervum quoque, aut musculum. Quin etiam aliquando plura fragmenta fiunt. Sed in aliis quidem ossibus ex toto saepe fragmentum a fragmento recedit: maxillae vero semper aliqua parte, etiam vexata ossa inter se cohaerent. Igitur inprimis digi"
muscle,"Celsus, Aulus Cornelius",De Medicina,musculi,PERSEUS,phi0836/phi002/phi0836.phi002.perseus-lat5.xml,,"rtae. Si suis sedibus sunt, mota resonant, punctionisque sensum repraesentant; tactu inaequalia sunt. Si vero non adversa, sed obliqua junguntur, quod fit ubi loco suo non sunt, membrum id altero brevius est, et musculi ejus tument. Ergo, si hoc deprehensum est, protinus id membrum oportet extendere: nam nervi musculique, intenti per ossa, contrahuntur; neque in suun cum veniunt, nisi illos per vim aliquis intendit. Rursus, si primis d"
muscle,"Celsus, Aulus Cornelius",De Medicina,musculique,PERSEUS,phi0836/phi002/phi0836.phi002.perseus-lat5.xml,,". Si vero non adversa, sed obliqua junguntur, quod fit ubi loco suo non sunt, membrum id altero brevius est, et musculi ejus tument. Ergo, si hoc deprehensum est, protinus id membrum oportet extendere: nam nervi musculique, intenti per ossa, contrahuntur; neque in suun cum veniunt, nisi illos per vim aliquis intendit. Rursus, si primis diebus id omissum est, inflammatio oritur; sub qua et difficile et periculose vis nervis adhibetur: nam"
muscle,"Celsus, Aulus Cornelius",De Medicina,musculi,PERSEUS,phi0836/phi002/phi0836.phi002.perseus-lat5.xml,,"ato membris, et mollis tamen unctio. Neque protinus exercendum id membrum, sed paulatim ad antiquos usus reducendum est. Gravius aliquanto est, quum ossis fracturae carnis quoque vulnus accessit; maximeque si id musculi femoris aut humeri senserunt: nam ct inflammationes multo graviores, et promtiores promptiores cancros habent. Ac femur quidem, si ossa inter se recesserunt, fere praecidi necesse est. Humerus quoque in periculum venit;"
muscle,"Celsus, Aulus Cornelius",De Medicina,musculus,PERSEUS,phi0836/phi002/phi0836.phi002.perseus-lat5.xml,,"esserunt, fere praecidi necesse est. Humerus quoque in periculum venit; sed facilius conservatur. Quibus periculis etiam magis id expositum, quod juxta ipsos articulos ictum est. Curiosius igitur agendum est; et musculus quidem per mediam plagam transversus praecidendus: sanguis vero, si parum fluxit, mittendus: corpus inedia extenuandum. Ac reliqua quidem membra lentius intendenda, et lenius in iis ossa in suam sedem reponenda sunt: in"
muscle,"Celsus, Aulus Cornelius",De Medicina,musculive,PERSEUS,phi0836/phi002/phi0836.phi002.perseus-lat5.xml,,"t enim coire. Si vetustas occupavit, membrum extendendum est; ossa inter se manu dividenda, ut concurrendo exasperentur, et si, quid pingue est, eradatur, totumque id quasi recens fiat: magna tamen cura habita, ne nervi musculive laedantur. Tum vino fovendum est, in quo malicorium decoctum sit; imponendumque id ipsum ovi albo mixtum: tertio die resolvendum, fovendumque aqua in qua verbenae, de quibus supra dixi , decoetae decoctae sint:"
muscle,"Celsus, Aulus Cornelius",De Medicina,musculis,PERSEUS,phi0836/phi002/phi0836.phi002.perseus-lat5.xml,Celsus surgical context; anatomical by default in this work.,"ex aceto imposita: a cibo, si valentioris articuli casus est, triduo: interdum etiam quinque diebus abstinere: bibere aquam calidam, dum sitim finiat: curiosiusque haec facere, iis ossibus motis, quae validis plenisque musculis continentur: si vero etiam febris accessit, multo magis; deinde ex die quinto fovere aqua calida, remotaque lana, ceratum imponere ex cyprino factum, nitro quoque adjecto, done donec omnis inflammatio finiatur; t"
muscle,"Celsus, Aulus Cornelius",De Medicina,musculi,PERSEUS,phi0836/phi002/phi0836.phi002.perseus-lat5.xml,Celsus: anatomical; auto-rule leaked on 'osse'.,"umque inclinatur: dentes paribus non respondent; sed sub iis, qui secant, canini sunt . At si utraque, totum mentum in exteriorem partem promovetur;inferioresque dentes longius quam superiores excedunt; intentique super musculi apparent. Primo quoque tempore homo in sedili collocandus est sic, ut minister a posteriore parte caput ejus contineat, vel sic, ut juxta parietem is sedeat, subjecto inter parietem et caput ejus scorteo pulvino"
muscle,"Celsus, Aulus Cornelius",De Medicina,musculique,PERSEUS,phi0836/phi002/phi0836.phi002.perseus-lat5.xml,Celsus: anatomical.,"hoc casu femur, Hippocrates, Andreas, Nileus, Nymphodorus, Pro tarchus, Heraclides, aliique quidam reperissent, si id frustra esset. Sed ut haec falsa opinio est, sic illud verum est: quum ibi valentissimi nervi musculique sint, si suum robur habent, vix admittere; si non habent, postea non continere. Tentandum igitur est, et, si tenerum membrum est, satis est habena altera ab inguine, altera a genu intendi: si validius, melius adducent,"
muscle,"Celsus, Aulus Cornelius",De Medicina,musculos,PERSEUS,phi0836/phi002/phi0836.phi002.perseus-lat5.xml,,"valentius intenditur membrum super scamnum, cui ab utraque parte axes sunt, ad quos habenae illae deligantur: qui, ut in torcularibus, conversi, rumpere quoque, sio si quis perseveraverit, non solum extendere nervos et musculos possunt. Collocandus autem homo super id scamnum ) est aut pronus, aut supinus, aut in latus sic, ut semper ea pars superior sit, in quam os prolapsum est; ea inferior, a qua recessit. Nervis extentis, si in prio"
muscle,"Celsus, Aulus Cornelius",De Medicina,musculis,PERSEUS,phi0836/phi002/phi0836.phi002.perseus-lat5.xml,,"his, quae cum vulnere loco moventur. Haec facienda sunt in iis casibus, ubi sine vulnere ossa exciderunt ) .... Hic quoque et ingens periculum est, et eo gravius, quo majus membrum est, quove validioribus nervis aut musculis continetur. Ideoque in humeris, femoribusque metus mortis est: ac, si reposita ossa sunt, spes nulla est; non repositis tamen, nonnullum periculum est: eoque major in utroque timor est, quo propius vulnus articulo est."
muscle,"Cicero, Marcus Tullius",De Divinatione,musculorum,PERSEUS,phi0474/phi053/phi0474.phi053.perseus-lat3.xml,,"ra, primum exta sunt coniuncta mundo, deinde meum lucrum natura rerum continetur. Nonne pudet physicos haec dicere? Ut enim iam sit aliqua in natura rerum contagio, quam esse concedo (multa enim Stoici colligunt; nam et musculorum iecuscula bruma dicuntur augeri, et puleium aridum florescere brumali ipso die, et inflatas rumpi vesiculas, et semina malorum, quae in iis mediis inclusa sint, in contrarias partis se vertere, iam nervos in fidibus ali"
muscle,"Columella, Lucius Junius Moderatus",Res Rustica,musculis,PERSEUS,phi0845/phi002/phi0845.phi002.perseus-lat3.xml,,"s et procurrentem retrahit, et cunctantem producit. Si vero non pigeat iugum fabricare, quo tres iungantur, per plagae. Itaque si bos decubuit, utilissimum est pedes eius sic cingulis nervisque et musculis robusta, non adipibus obesa, ut nec sui tergoris mole nec labore operis degravetur. Sed quoniam quae sequenda sunt in emendis domandisque bubus tradidimus, tutelam eorum praecipiemus. Boves calore sub d"
muscle,LL:augustine__civ22,,muscula,LL,augustine__civ22.shtml,,"conectens animantem facit. Quod opus eius tam magnum et mirabile est, ut non solum in homine, quod est animal rationale et ex hoc cunctis terrenis animantibus excellentius atque praestantius, sed in qualibet minutissima muscula bene consideranti stuporem mentis ingerat laudemque pariat Creatoris. Ipse itaque animae humanae mentem dedit, ubi ratio et intellegentia in infante sopita est quodam modo, quasi nulla sit, excitanda scilicet atque ex"
muscle,LL:cassiodorus__varia7,,musculos,LL,cassiodorus__varia7.shtml,,"auctorum suorum scilicet adhuc signa retinentes, ut quamdiu laudabilium personarum opinio superesset, tamdiu et similitudinem vivae substantiae imago corporis custodiret: conspiciet expressas in aere venas, nisu quodam musculos tumentes, nervos quasi gradu tensos et sic hominem fusum in diversas similitudines, ut credas potius esse generatum. [3] Has primum Tusci in Italia invenisse referuntur, quas amplexa posteritas paene parem populum urbi"
muscle,LL:columella__columella.rr6,,musculis,LL,columella__columella.rr6.shtml,,"orum citra maciem conservant, qui ex commodo, quam qui festinanter mandunt. [15] Sed tam vitium est bubulci pinguem quam exilem bovem reddere; habilis enim et modica corporatura pecoris operarii debet esse, nervisque et musculis robusta, non adipibus obesa, ut nec sui tergoris mole nec labore operis degravetur. Sed quoniam quae sequenda sunt in emendis domandisque bubus tradidimus, tutelam eorum praecipiemus. III. Boves calore sub divo, frigor"
muscle,LL:columella__columella.rr6,,musculorum,LL,columella__columella.rr6.shtml,,"onesti animi documenta. [2] Corporis vero forma constabit exiguo capite, nigris oculis, naribus apertis, brevibus auriculis et arrectis, cervice molli lataque nec longa, densa iuba et per dextram partem profusa, lato et musculorum toris numeroso pectore, grandibus armis et rectis, lateribus inflexis, spina duplici, ventre substricto, testibus paribus et exiguis, latis lumbis et subsidentibus, [3] cauda longa et setosa crispaque, aequalibus atque"
muscle,LL:columella__columella.rr6,,musculoso,LL,columella__columella.rr6.shtml,,"inare mularum generi seminando, cuius, ut dixi, species experimento est pretiosior. [6] Verum tamen ab aspectu non aliter probari debet, quam ut sit amplissimi corporis, cervice valida, robustis ac latis costis, pectore musculoso et vasto, feminibus lacertosis, cruribus compactis, coloris nigri vel maculosi. Nam murinus cum sit in asino vulgaris, tum etiam non optime respondet in mula. [7] Neque nos universa quadrupedis species decipiat, si qual"
muscle,LL:columella__columella.rr8,,musculosa,LL,columella__columella.rr8.shtml,,"evia et adunca rostra, maximae candidissimaeque aures, paleae ex rutilo albicantes, quae velut incanae barbae dependent; iubae deinde variae vel ex auro flavae, per colla cervicesque in umeros diffusae; [10] tum lata et musculosa pectora, lacertosaeque similes brachiis alae; tum procerissimae caudae duplici ordine singulis utrimque prominentibus pinnis inflexae; quin etiam vasta femina et frequenter horrentibus plumis hirta, robusta crura nec lo"
muscle,LL:isidore__11,,musculorum,LL,isidore__11.shtml,,"s habere dicantur. Nam proprie armi quadrupedum sunt. Ola summi humeri pars posterior. [63] Brachia a fortitudine nominata: BARU enim Graece grave et forte significatur. In brachiis enim tori lacertorum sunt, et insigne musculorum robur existit. Hi sunt tori, id est musculi: et dicti tori, quod illic viscera torta videantur. [64] Cubitum dictum, quod ad cibos sumendos in ipso cubamus. Vlna secundum quosdam utriusque manus extensio est, secundum a"
muscle,LL:isidore__11,,musculi,LL,isidore__11.shtml,,"sunt. Ola summi humeri pars posterior. [63] Brachia a fortitudine nominata: BARU enim Graece grave et forte significatur. In brachiis enim tori lacertorum sunt, et insigne musculorum robur existit. Hi sunt tori, id est musculi: et dicti tori, quod illic viscera torta videantur. [64] Cubitum dictum, quod ad cibos sumendos in ipso cubamus. Vlna secundum quosdam utriusque manus extensio est, secundum alias cubitus; quod magis verum est, quia Gra"
muscle,LL:isidore__11,,musculi,LL,isidore__11.shtml,,"x sanguine et nervis copulata. Item lacerti, sive mures, quia sic in singulis membris cordis loco sunt ut cor in media totius corporis parte, appellanturque a nomine similium animalium sub terra delitescentium. Nam inde musculi a murium similitudine: idem etiam et tori, quod illic viscera torta videantur. [118] Cor a Graeca appellatione derivatum, quod illi KARDIAN dicunt, sive a cura. In eo enim omnis sollicitudo et scientiae causa manet. Qui"
muscle,LL:isidore__12,,musculorum,LL,isidore__12.shtml,,"res, quattuor spectantur: forma, pulchritudo, meritum atque color. Forma, ut sit validum corpus et solidum, robori conveniens altitudo, latus longum, substrictus maxime et rotundi clunis, pectus late patens, corpus omne musculorum densitate nodosum, pes siccus et cornu concavo solidatus. [46] Pulchritudo, ut sit exiguum caput et siccum, pelle prope ossibus adhaerente, aures breves et argutae, oculi magni, nares patulae, erecta cervix, coma densa"
muscle,LL:lucan__lucan9,,musculus,LL,lucan__lucan9.shtml,,"tum mortis habet. nam plagae proxima circum fugit rupta cutis pallentiaque ossa retexit; iamque sinu laxo nudum sine corpore uolnus. membra natant sanie, surae fluxere, sine ullo 770 tegmine poples erat, femorum quoque musculus omnis liquitur, et nigra destillant inguina tabe. dissiluit stringens uterum membrana, fluuntque uiscera; nec, quantus toto de corpore debet, effluit in terras, saeuum sed membra uenenum 775 decoquit, in minimum mors c"
muscle,LL:pliny.ep3,,musculi,LL,pliny.ep3.html,Plin. Ep. 5.8.10 (x2 copies): bones/muscles/sinews of a statue and of a style.,"m ego sapio, qui fortasse in omni re, in hac certe perquam exiguum sapio: hoc tamen signum ego quoque intellego. 2 Est enim nudum, nec aut vitia si qua sunt celat, aut laudes parum ostentat. Effingit senem stantem; ossa musculi nervi, venae rugae etiam ut spirantis apparent; rari et cedentes capilli, lata frons, contracta facies, exile collum; pendent lacerti, papillae iacent, venter recessit; 3 a tergo quoque eadem aetas ut a tergo. Aes ipsum"
muscle,LL:pliny.ep5,,musculi,LL,pliny.ep5.html,Plin. Ep. 5.8.10 (x2 copies): bones/muscles/sinews of a statue and of a style.,", sed plura diversa in his ipsis, quae communia videntur. Narrat illa narrat haec, sed aliter: huic pleraque humilia et sordida et ex medio petita, illi omnia recondita splendida excelsa conveniunt; 10 hanc saepius ossa musculi nervi, illam tori quidam et quasi iubae decent; haec vel maxime vi amaritudine instantia, illa tractu et suavitate atque etiam dulcedine placet; postremo alia verba alius sonus alia constructio. 11 Nam plurimum refert,"
muscle,LL:sidonius1,,musculis,LL,sidonius1.html,,"colorem non ira sed verecundia facit. teretes umeri, validi lacerti, dura brachia, patulae manus, recedente alvo pectus excedens. aream dorsi humilior inter excrementa costarum spina discriminat. tuberosum est utrumque musculis prominentibus latus. in succinctis regnat vigor ilibus. corneum femur, internodia poplitum bene mascula, maximus in minime rugosis genibus honor. crura suris fulta turgentibus et, qui magna sustentat membra, pes modicus"
muscle,LL:tertullian__tertullian.carne,,musculis,LL,tertullian__tertullian.carne.shtml,,"t spiritus ergo cum virtutibus falsus. quid dimidias mendacio Christum? totus veritas fuit. [9] maluit, credo, nasci quam ex aliqua parte mentiri, et quidem in semetipsum, ut carnem gestaret sine ossibus duram, sine musculis solidam, sine sanguine cruentam, sine tunica vestitam, sine fame esurientem, sine dentibus edentem, sine lingua loquentem, ut phantasma auribus fuerit sermo eius per imaginem vocis. fuit itaque phantasma etiam post re"
muscle,LL:tertullian__tertullian.carne,,musculos,LL,tertullian__tertullian.carne.shtml,,"rram, sanguine aquam. nam licet alia sit species qualitatis, hoc est quod ex alio aliud fit. ceterum quid est sanguis quam rubens humor, quid caro quam terra conversa in figuras suas? [3] considera singulas qualitates, musculos ut glebas, ossa ut saxa, etiam circum papillas calculos quosdam: aspice nervorum tenaces conexus ut traduces radicum et venarum ramosos discursus ut ambages rivorum et lanugines ut muscos et comam ut caespitem et ipso"
muscle,LL:testamentum,,musculos,LL,testamentum.html,,"visceribus dabo donabo sutoribus saetas, rix[at]oribus capitinas, surdis auriculas, causidicis et verbosis linguam, buculariis intestina, esiciariis femora, mulieribus lumbulos, pueris vesicam, puellis caudam, cinaedis musculos, cursoribus et venatoribus talos, latronibus ungulas. Et nec nominando coco legato dimitto popiam et pistillum, quae mecum attuleram; de Theveste usque ad Tergeste liget sibi colum de reste. Et volo mihi fieri monumentu"
muscle,LL:vegetius1,,musculosis,LL,vegetius1.html,,"melior, insignis et ore Et rutilis clarus squamis, ille horridus alter Desidia latamque trahens inglorius aluum'). Sit ergo adulescens Martio operi deputandus uigilantibus oculis, erecta ceruice, lato pectore, umeris musculosis, ualentibus brachiis, digitis longioribusm uentre modicus, exilior clunibus, suris et pedibus non superflua carne distentis sed neruorum duritia collectis. Cum haec in tirone signa deprehenderis, proceritatem non magno"
muscle,Lucan,Civil War,musculus,PERSEUS,phi0917/phi001/phi0917.phi001.perseus-lat2.xml,,"is habet. Nam plagae proxima circum Fugit rapta cutis, pallentiaque ossa retexit. Iamque sinu laxo nudum est sine corpore vulnus; Membra natant sanie: surae fluxere: sine ullo Tegmine poples erat: femorum quoque musculus omni Liquitur, et nigra distillant inguina tabe. Dissiluit stringens uterum membrana, fluuntque Viscera: nec, quantum toto de corpore debet, Effluit in terras: saevum sed membra venenum Decoquit; in minimum mo"
muscle,"Pliny, the Elder",Naturalis Historia,musculos,PERSEUS,phi0978/phi001/phi0978.phi001.perseus-lat2.xml,,"eadem Africa pardi condensa m arbore m occultatique e x ramis in praetereuntia desiliunt atque e volucrum sede grassantur . feles quidem quo silentio, quam levibus vestigiis obrepunt avibus! quam occulte speculatae in musculos exiliunt! excrementa sua effossa obruunt terra, intellegentes odorem ilium indicem sui esse. ergo et alios quosdam sensus esse quam supra dictos haut difficulter apparet. Sunt enim quaedam i"
muscle,"Pliny, the Elder",Naturalis Historia,musculis,PERSEUS,phi0978/phi001/phi0978.phi001.perseus-lat2.xml,Plin. NH 26: anatomical.,"ciosae tus si citissime medentur . Hippocrates vulneratis sitientibusque defectu sanguinis radicis decoctae sucum bibendum dedit et ipsam vulneribus cum melle et resina, item contusis , luxatis, tumentibus; et musculis, nervis, articulis inposuit ut supra; spasticis , dysintericis in vino bibendam dedit. mirum aquam radice ea addita addensari sub diu atque glaciescere . efficacior autem quo recentior. Nec lapathum d"
muscle,"Pliny, the Elder",Naturalis Historia,musculorum,PERSEUS,phi0978/phi001/phi0978.phi001.perseus-lat2.xml,,"aqua et oleo decoctum et cum aneso inlitum . torretur , ut alvum sistat. coeliacis et dysintericis inponitur ex aceto. ad iocineris dolores estur cum uva passa; ad phthisim utilissime e semine fiunt ecligmata . musculorum, nervorum, articulorum, cervicium duritias, cerebri membranas mitigat farina seminis nitro aut sale aut cinere additis . eadem cum fico... etidem concoquit ac maturat; cum radice vero cucumeris silvestris extrahit quae"
muscle,"Pliny, the Younger",Epistulae,musculi,PERSEUS,phi1318/phi001/phi1318.phi001.perseus-lat1.xml,Plin. Ep. 5.8.10 (x2 copies): bones/muscles/sinews of a statue and of a style.,"sapio, qui fortasse in omni re, in hac certe perquam exiguum sapio: hoc tamen signum ego quoque intellego. Est enim nudum, nec aut vitia si qua sunt celat, aut laudes parum ostentat. Effingit senem stantem; ossa musculi nervi, venae rugae etiam ut spirantis apparent; rari et cedentes capilli, lata frons, contracta facies, exile collum; pendent lacerti, papillae iacent, venter recessit; a tergo quoque eadem aetas ut a tergo. Aes"
muscle,"Pliny, the Younger",Epistulae,musculi,PERSEUS,phi1318/phi001/phi1318.phi001.perseus-lat1.xml,Plin. Ep. 5.8.10 (x2 copies): bones/muscles/sinews of a statue and of a style.,"plura diversa in his ipsis, quae communia videntur. Narrat illa narrat haec, sed aliter: huic pleraque humilia et sordida et ex medio petita, illi omnia recondita splendida excelsa conveniunt; hanc saepius ossa musculi nervi, illam tori quidam et quasi iubae decent; haec vel maxime vi amaritudine instantia, illa tractu et suavitate atque etiam dulcedine placet; postremo alia verba alius sonus alia constructio. Nam plurimum re"
muscle,Sidonius Apollinaris,Epistulae,musculis,PERSEUS,stoa0261/stoa0002/stoa0261.stoa0002.perseus-lat1.xml,,"lorem non ira sed verecundia facit. teretes umeri, validi lacerti, dura bracchia, patulae manus, recedente alvo pectus excedens. 1 aream dorsi humilior inter excrementa costarum spina discriminat. tuberosum est utrumque musculis prominentibus latus, in succinctis regnat vigor ilibus. corneum femur, internodia poplitum bene mascula, maximus in minime rugosis genibus honor; crura suris fulta turgentibus et, qui magna sustentat membra, pes modicus"
muscle,Tertullian,De Carne Christi,musculis,PERSEUS,stoa0275/stoa012/stoa0275.stoa012.opp-lat1.xml,,"icta, et spiritus ergo cum virtutibus falsus. Quid dimidias mendacio Christum? Totus veritas fuit. Maluit, crede, nasci quam ex aliqua parte mentiri, et quidem in semetipsum, ut carnem gestaret sine ossibus duram, sine musculis solidam, sine sanguine cruentam, sine tunica vestitam, sine fame esurientem, sine dentibus edentem, sine lingua loquentem, ut phantasma auribus fuerit sermo eius per imaginem vocis. Fuit itaque phantasma etiam post resu"
muscle,Tertullian,De Carne Christi,musculos,PERSEUS,stoa0275/stoa012/stoa0275.stoa012.opp-lat1.xml,,"itetur, carne terram, sanguine aquam. Nam licet alia sit species qualitatis, hoc est quod ex alio aliud fit, ceterum quid est sanguis quam rubens humor? quid caro quam terra in figura sua? Considera singulas qualitates, musculos ut glebas, ossa ut saxa, etiam circum papillas calculos quosdam. Aspice nervorum tenaces conexus ut traduces radicum, et venarum ramosos discursus ut ambages rivorum, et lanugines ut muscos, et comam ut cespitem, et ips"
shellfish,,,musculae,PERSEUS,stoa0054/stoa006/stoa0054.stoa006.perseus-lat1.xml,,"s praeclara copiosis, et quidem praecipue issicio abundat, et anguilla. Capiuntur autem saepissime et uituli marini, et delphines, nec non et balenae; exceptis uariorum generibus concyliorum; in quibus sunt et musculae, quibus inclusam saepe margaritam omnis quidem coloris optimam inueniunt, id est et rubicundi, et purpurei, et iacintini, et prasini, sed maxime candidi. Sunt et cocleae satis superque abundantes, quibus tinctura coccin"
shellfish,"Ausonius, Decimus Magnus",Epistulae,musculis,PERSEUS,stoa0045/stoa011/stoa0045.stoa011.perseus-lat2.xml,,"riberes ad ea, quae dudum ioculariter luseram de cessatione tua valde impia et mea efflagitatione, cuius rei munus reciprocum quoniam in me colendo fastidisti, inventa inter tineas epistula vetere, quam de ostreis et musculis adfectata obscuritate condideram, quae adulescens temere fuderam, iam senior retractavi. set in eundem modum instaurata est satirica et ridicula conciunatio, saltem ut nunc respondeas novissimae cantilenae, qui illam"
shellfish,"Ausonius, Decimus Magnus",Epistulae,musculus,PERSEUS,stoa0045/stoa011/stoa0045.stoa011.perseus-lat2.xml,,"c duae recedant; binas ter decies, semel quaternas, et sex adde novem vel octo septem, aut septem geminis bis octo iunge, aut — ne sim tibi pluribus molestus, triginta numero fuere cunctae. Iunctus limicolis musculus ostreis primo conposuit fereula prandio, gratus deliciis nobilium cibus et sumptu modicus pauperibus focis, non hic navifrago quaeritur aequore, ut crescat pretium grande periculis; set primore vado post ref"
shellfish,"Celsus, Aulus Cornelius",De Medicina,musculi,PERSEUS,phi0836/phi002/phi0836.phi002.perseus-lat5.xml,,"pa, malva, lapathum, beta, asparagus, cucurbita, cerasa, mora, poma omnia mitia, ficus etiam arida, sed magis viridis, uvae recentes, pingues minutae aves, cochleae, garum, salsamentum, ostrea, pelorides, echini, musculi, et omnes fere conchulae, maximeque jus earum; saxatiles, et omnes teneri pisces, sepiarum atramentum; si qua caro assumitur pinguis, eadem vel jurulenta, vel elixa; aves quae natant; mel crudum, lac, lactantia omnia, m"
shellfish,"Celsus, Aulus Cornelius",De Medicina,musculorumve,PERSEUS,phi0836/phi002/phi0836.phi002.perseus-lat5.xml,,"na; interdum etiam oleum in solio cum aqua calida miscere; uti cibo serius et rarius, tenui, simplici, molli, calido, exiguo; maximeque oleribus holeribus , qualia sunt lapathum, urtica, malva; vel jure etiam concharum, musculorumve, aut locustarum: neque danda caro, nisi elixa, est. At potio esse debet magis liberalis, et ante cibum, et post hunc, et cum hoc, ultra quam sitis coget: poteritque a balneo etiam pinguius, aut dulcius dari vinum; poter"
shellfish,LL:bede__bede1,,musculae,LL,bede__bede1.shtml,,"ac fontibus praeclara copiosis, et quidem praecipue issicio abundat, et anguilla. Capiuntur autem saepissime et uituli marini, et delphines, nec non et balenae; exceptis uariorum generibus concyliorum; in quibus sunt et musculae, quibus inclusam saepe margaritam omnis quidem coloris optimam inueniunt, id est et rubicundi, et purpurei, et iacintini, et prasini, sed maxime candidi. Sunt et cocleae satis superque abundantes, quibus tinctura coccin"
shellfish,LL:isidore__12,,Musculi,LL,isidore__12.shtml,,"os. Duo sunt autem genera cancrorum: fluviales et marini. [52] Ostrea dicta est a testa, quibus mollities interior carnis munitur; Graeci enim testam OSTRA vocant. Ostrea autem neutrum, carnes eius feminino dicunt. [53] Musculi sunt, ut praediximus (ß 6), cochleae a quorum lacte concipiunt ostreae; et dicti musculi quasi masculi. [54] Pelorides a Peloro promontorio Siciliae, ubi abundant, cognominatae sunt (Virg. Aen. 3,687): Ecce autem Boreas"
shellfish,LL:isidore__12,,musculi,LL,isidore__12.shtml,,"quibus mollities interior carnis munitur; Graeci enim testam OSTRA vocant. Ostrea autem neutrum, carnes eius feminino dicunt. [53] Musculi sunt, ut praediximus (ß 6), cochleae a quorum lacte concipiunt ostreae; et dicti musculi quasi masculi. [54] Pelorides a Peloro promontorio Siciliae, ubi abundant, cognominatae sunt (Virg. Aen. 3,687): Ecce autem Boreas angusta ab sede Pelori. [55] Vngues a similitudine humanarum unguium dictae. [56] Testud"
shellfish,LL:plautus__rudens,,musculos,LL,plautus__rudens.shtml,,"que haec harundines sunt nobis quaestu et cultu. *** ex urbe ad mare huc prodimus pabulatum: 295 pro exercitu gymnastico et palaestrico hoc habemus; echinos, lopadas, ostreas, balanos captamus, conchas, marinam urticam, musculos, plagusias striatas; post id piscatum hamatilem et saxatilem aggredimur. cibum captamus e mari: si eventus non evenit 300 neque quicquam captumst piscium, salsi lautique pure domum redimus clanculum, dormimus incenati."
shellfish,"Plautus, Titus Maccius",Rudens,musculos,PERSEUS,phi0119/phi017/phi0119.phi017.perseus-lat2.xml,,"que haec harundines sunt nobis quaestu et cultu. ex urbe ad mare huc prodimus pabulatum: pro exercitu gymnastico et palaestrico hoc habemus; echinos, lopadas, ostreas, balanos captamus, conchas, marinam urticam, musculos, plagusias striatas; post id piscatum hamatilem et saxatilem aggredimur. cibum captamus e mari: si eventus non evenit neque quicquam captumst piscium, salsi lautique pure domum redimus clanculum, dormimus incena"
whale-fish,LL:isidore__12,,musculus,LL,isidore__12.shtml,Isid. Etym. 12.6.6: musculus as the whale's male.,"auratae, quia in capite auri colorem habent; et varii a varietate, quos vulgo tructas vocant. A figura: ut orbis, quia rotundus est totusque in capite constat; ut solea, quod sit instar calciamentorum soleis. A sexu: ut musculus, quod sit ballenae masculus; eius enim coitu concipere haec bellua perhibetur. Hinc et musculi coclearum, quorum lacte concipiunt ostreae. [7] Ballenae autem sunt inmensae magnitudinis bestiae, ab emittendo et fundendo"
whale-fish,LL:isidore__12,,musculi,LL,isidore__12.shtml,Isid. Etym. 12.6.6: musculus as the whale's male.,"figura: ut orbis, quia rotundus est totusque in capite constat; ut solea, quod sit instar calciamentorum soleis. A sexu: ut musculus, quod sit ballenae masculus; eius enim coitu concipere haec bellua perhibetur. Hinc et musculi coclearum, quorum lacte concipiunt ostreae. [7] Ballenae autem sunt inmensae magnitudinis bestiae, ab emittendo et fundendo aquas vocatae; ceteris enim bestiis maris altius iaciunt undas; BALLEIN enim Graece emittere di"
whale-fish,LL:sidonius5,,musculis,LL,sidonius5.html,,"s cogit eruderare, si quid forte deiectu caducae frondis agger insorduit. certe si quid voraginosum est, ipse humo advecta scrobibus oppletis trepidus exaequat, utpote beluam suam de valle Tarnis ducaliter antecessurus, musculis similis inter saxosa vel brevia ballaenarum corpulentiam praegubernantibus. 2. at ille sic ira celer, quod piger mole, seu draco e specu vix evolutus iam metu exanguibus Gabalitanis e proximo infertur; quos singulos spa"
whale-fish,"Pliny, the Elder",Naturalis Historia,musculus,PERSEUS,phi0978/phi001/phi0978.phi001.perseus-lat2.xml,,"dere caudam mugili lupum eosdemque statis mensibus concordes esse; omnes autem vivere, quibus caudae sic amputentur . at e contrario amicitiae exempla sunt, praeter illa quorum diximus societatem , ballaena et musculus, quando praegravi superciliorum pondere obrutis eius oculis infestantia magnitudinem vada praenatans demonstrat oculorumque vice fungitur. Hinc volucrum naturae dicentur. C. PLINI SECVNDI NATVRALIS HIS"
whale-fish,"Pliny, the Elder",Naturalis Historia,musculus,PERSEUS,phi0978/phi001/phi0978.phi001.perseus-lat2.xml,,"tem echinis quinos esse unde intellegi potuerit miror. dentium vice aculeus - insectis. simiae dentes ut homini. elephanto intus ad mandendum IIII , praeterque eos prominent masculis reflexi, feminis recti atque proni. musculus marinus, qui ballaenam antecedit, nullos habet , sed pro i is saetis intus os hirtum et linguam etiam ac palatum . terrestrium minutis quadripedibus primores bini utrimque longissimi. Ceteris cum ips"
whale-fish,"Pliny, the Elder",Naturalis Historia,musculi,PERSEUS,phi0978/phi001/phi0978.phi001.perseus-lat2.xml,Plin. NH 9.8: catalogue of sea-beasts (beluae).,", notioraque , quod miremur, quae profundo natura mersit. Ut a beluis ordiamur, arbores, physeteres, ballaenae, pistrices , Tritones , Nereides, elephanti, homines qui marini vocantur, rotae, orcae, arietes, musculi et alii piscium forma arietes , delphini celebresque Homero vituli, luxuriae vero testudines et medicis fibri—quorum generis lutras nusquam mari accepimus mergi, tantum marina dicentes—, iam caniculae, drinone"
whale-fish,Sidonius Apollinaris,Epistulae,musculis,PERSEUS,stoa0261/stoa0002/stoa0261.stoa0002.perseus-lat1.xml,,"s cogit cruderare, si quid forte deiectu caducae frondis agger insorduit. certe si quid voraginosum est, ipse humo advecta scrobibus oppletis trepidus exaequat, utpote beluam suam de valle Tarnis ducaliter antecessurus, musculis similis inter saxosa vel brevia ballaenarum corpulentiam praeguber-nantibus. at ille sic ira celer, quod-piger mole, ceu draco e specu vix evolutus iam metu exdnguibus Gabalitanis e proximo infertur; quos singul"
