id	witness	work	locus	edition_scan	date_given	figure	what_is_counted	verbatim_quote	verified_in
D1	Durán	Historia de las Indias de Nueva España	cap. on the dedication (Ramírez ed. vol. I, printed p. 353)	historiadelasind01dur (Getty) + historia-de-las-indias-...-tomo-i (2nd scan)	(1487 implied by narrative)	80400	captives assembled and counted in rows by province, before the killing	…se alió que auia entre vetxotzincas y tlaxcaltecas y atliscas y tliliuhquitepecas y cholultecas y tecoacas y cacatecas, capotecas y guastecas, tzincoacas y tuçapanecas y tlapanecas, ochenta mili y quatrocientos hombres que sacrificar en la estrena del templo de México	both scans
D2	Durán	Historia de las Indias de Nueva España	same chapter (printed p. 357)	same	—	80400	those who died, over four days	Dice la historia que turó este sacrificio quatro dias arreo, desde la mañana hasta puesta del sol, y que murieron en él, como dexo dicho, ochenta mili y quatrocientos hombres de diversas provincias y ciudades, lo qual se me higo tan increíble, que si la historia no me forgara y el auello aliado en otros muchos lugares, fuera desta historia escrito y pintado, no lo osara poner	scanB verbatim; scanA has OCR 'quatrocicntos'
D3	Durán	Historia de las Indias de Nueva España	same chapter (printed p. 359)	same	—	80400	skulls mounted on the renewed skull-rack	trayendo las ochenta mili calauernas y quatrocientas mas, fueron puestas en la recien hecha palicada, todas espetadas por las sienes	both scans
T0	Tezozómoc	Crónica Mexicana	dedication narrative, Ahuitzotl	modern critical ed. (scanB) and Orozco y Berra 1878 (scanA)	(1487 implied)	NONE	no total is given for the dedication at all	(absence)	both editions
T1	Tezozómoc	Crónica Mexicana	dedication chapter, aside on Cortés's soldiers	modern critical ed. (scanB)	1519	62000	skulls on the rack counted by two of Cortés's soldiers	afirman dos soldados de aquel tiempo aber contado sesenta y dos mill calabernas de sacrificados yndios	scanB
T1b	Tezozómoc	Crónica Mexicana	same sentence	Orozco y Berra 1878 (scanA, printed p. ~519)	1519	72000	same sentence — EDITIONS DISAGREE	afirman dos soldados de aquel tiempo haber contado setenta y dos mil calaveras de indios sacrificados	scanA
T2	Tezozómoc	Crónica Mexicana	Motecuhzoma I chapter	Orozco y Berra 1878 (scanA, printed p. 323)	—	62000	skulls counted by eight Spanish soldiers	subieron á lo alto del Cú ocho soldados españoles, y contaron haber en las paredes sesenta y dos mil calaveras	scanA
I1	Ixtlilxóchitl	Historia de la nación chichimeca, cap. LX	Obras históricas ed. Chavero vol. II p. 273	obrashistricasd00ixtlgoog + obrashistricasd00chavgoog + Vázquez 1985 standalone	1487 (8 Acatl)	80400	captives sacrificed, ITEMISED: tzapoteca 16,000; tlapaneca 24,000; huexotzinca+atlixca 16,000; Tizauhcoac 24,400	…se juntaron con los que el rey de México tenía de solas cuatro naciones que fueron cautivas en las guerras atrás referidas, ochenta mil y cuatrocientos hombres en este modo: de la nación tzapoteca diez y seis mil, de los tlapanecas veinticuatro mil, de los huexotzincas y atlixcas otros diez y seis mil, de los de Tizauhcoac veinticuatro mil y cuatrocientos, que vienen á montar el número referido	3 independent editions/scans, identical
I2	Ixtlilxóchitl	Historia de la nación chichimeca, cap. LX	same	same	1487	100000+	further victims over the rest of the year; his explicit harmonisation of other authors	sin otros cautivos de otras guerras de menos cuantía que después en el discurso del año fueron sacrificados, que vinieron á ser más de cien mil hombres; y así los autores que exceden en el número, se entiende con los que después se sacrificaron	3 editions
M1	Mendieta	Historia eclesiástica indiana	Cortés-and-Luther chapter	Icazbalceta 1870 (historiaeclesis00mendgoog) + 2008 ed.	1485	80400	persons sacrificed at the dedication	el año en que Cortés nació, que fué el de mil y cuatrocientos y ochenta y cinco, se hizo en la ciudad de México una solemnísima fiesta en dedicación del templo mayor de los ídolos … se sacrificaron ochenta mil y cuatrocientas personas	both editions
Q1	Torquemada	Monarquía Indiana, lib. II	narrative of the dedication (1723 ed.)	monarquia-indiana.-vol-i_202109	(Ahuitzotl's reign)	72344	captives sacrificed	fueron los facrificados, en elta Diabolica Dedicacion, fetenta y dos mil y trecientos y quarenta y quatro Captivos. Duro elta Fielta quatro dias	1723 folio
Q2	Torquemada	Monarquía Indiana	Cortés-and-Luther chapter (verbatim from Mendieta)	same	1485	80400	attributed to OTHERS, against his own 72,344	el Año en que Cortés nacio, que fue el de mil quatrocientos y ochenta y cinco, fe hico en efta Ciudad de Mexico, una folemnifsima Fiefta, en la Dedicación del Templo Maior … aunque fegun Otros afirman, fueron ochenta mil y quatrocientos, los muertos y facrificados	1723 folio
P1	Codex Telleriano-Remensis	pictorial annal for 8 Acatl	read from the glyphs by Orozco y Berra, Crónica Mexicana 1878, editorial note	tezozomoc_scanA	1487	20000	victims, in native numerals: 2 xiquipilli (8,000) + 10 tzontli (400)	La bolsa es el numeral 8,000 y da la lectura cexiquipilli; cada pluma, cetzontli, expresa 400. Atendiendo á que hay dos bolsas y diez plumas … la suma será 8,000+8,000+400x10=20,000	scanA; arithmetic checked
P2	Codex Vaticanus A	pictorial annal	reported by Ramírez, Durán 1867 ed., editorial footnote	duran_v1 both scans	1487	19600	same, with one 400-sign fewer	El Códice del Vaticano designa con los mismos caracteres 400 menos; tal vez por descuido del copiante	both scans
A1	Acosta	Historia natural y moral de las Indias	—	acosta.txt (Historia 16 ed.)	—	ABSENT	no dedication figure anywhere; no 'ochenta mil' of people at all	(absence)	grep of full text
MO1	Motolinía	Historia de los indios de la Nueva España	—	motolinia_historia.txt (Alianza/Bellini) + motolinia_memoriales.txt (1903)	—	ABSENT from body	80,400 occurs ONLY in Bellini's modern introduction, quoting Motolinía; not located in the body of either work	(absence in body; Bellini: 'el predecesor de Moctezuma habría sacrificado, en una ceremonia durada tres o cuatro días, en un solo templo, «ochenta mil y cuatrocientos hombres»')	VERIFICATION DEBT: Motolinía's Carta al Emperador (1555) not checked
MO2	Motolinía	Historia de los indios, Tratado I cap. V	New Fire ceremony	motolinia_historia.txt	—	400	men sacrificed in Mexico at the New Fire — one centzontli	y sacrificaban cuatrocientos hombres en sólo México	direct read
MO3	Motolinía	Memoriales	definition of the unit	motolinia_memoriales.txt (Paso y Troncoso 1903)	—	8000	defines the Nahuatl unit	dios llaman xiquipilli: vale é suma este número ocho mil	direct read
N1	Tezozómoc	Crónica Mexicana	various	modern critical ed. (scanB), editors' literal glosses	—	various	Nahuatl numeral idiom for people, in the same text family	'ochenta mill tarascos (matlacxiquipilli)'; 'macuilxiquipilli ypan macuiltzontli' glossed 42,000 = 'cinco veces ocho mil sobre cinco veces cuatrocientos'; 'cempoalxiquipilli' = 20x8,000; 'nauhxiquipilli'; 'beinte y cinco xiquipilli de a ocho mil cada xiquipil'	scanB, six loci
