site,delta_t_s,delta_t_offset_s,sunrise_lat,sunset_lat,hour_length_min,peak_mag,first_lat,first_hour,max_lat,max_hour,last_lat,last_hour
Armagh,3474.0,-600,4.34,19.68,76.7,1.0415,16.039,10,17.09,10,18.097,11
Armagh,3494.0,-580,4.34,19.68,76.7,1.0,16.033,10,17.085,10,18.091,11
Armagh,3514.0,-560,4.34,19.68,76.7,1.0,16.026,10,17.079,10,18.085,11
Armagh,3534.0,-540,4.34,19.68,76.7,1.0,16.019,10,17.073,10,18.079,11
Armagh,3554.0,-520,4.34,19.68,76.7,1.0416,16.013,10,17.067,10,18.074,11
Armagh,3574.0,-500,4.34,19.68,76.7,1.0416,16.006,10,17.062,10,18.068,11
Armagh,3594.0,-480,4.34,19.68,76.7,1.0,16.0,10,17.056,10,18.062,11
Armagh,3614.0,-460,4.34,19.68,76.7,1.0,15.993,10,17.051,10,18.057,11
Armagh,3634.0,-440,4.34,19.68,76.7,1.0416,15.987,10,17.045,10,18.051,11
Armagh,3654.0,-420,4.34,19.68,76.7,1.0416,15.98,10,17.04,10,18.045,11
Armagh,3674.0,-400,4.34,19.68,76.7,1.0417,15.974,10,17.034,10,18.04,11
Armagh,3694.0,-380,4.34,19.68,76.7,1.0,15.967,10,17.029,10,18.034,11
Armagh,3714.0,-360,4.34,19.68,76.7,1.0,15.961,10,17.023,10,18.028,11
Armagh,3734.0,-340,4.34,19.68,76.7,1.0,15.954,10,17.018,10,18.022,11
Armagh,3754.0,-320,4.34,19.68,76.7,1.0,15.948,10,17.013,10,18.017,11
Armagh,3774.0,-300,4.34,19.68,76.7,1.0417,15.941,10,17.009,10,18.011,11
Armagh,3794.0,-280,4.34,19.68,76.7,0.9998,15.934,10,17.005,10,18.005,11
Armagh,3814.0,-260,4.34,19.68,76.7,0.9996,15.928,10,16.999,10,17.999,11
Armagh,3834.0,-240,4.34,19.68,76.7,0.9993,15.921,10,16.993,10,17.994,11
Armagh,3854.0,-220,4.34,19.68,76.7,0.9991,15.915,10,16.986,10,17.988,11
Armagh,3874.0,-200,4.34,19.68,76.7,0.9988,15.908,10,16.98,10,17.982,11
Armagh,3894.0,-180,4.34,19.68,76.7,0.9986,15.902,10,16.974,10,17.977,11
Armagh,3914.0,-160,4.34,19.68,76.7,0.9983,15.895,10,16.968,10,17.971,11
Armagh,3934.0,-140,4.34,19.68,76.7,0.9981,15.888,10,16.962,10,17.965,11
Armagh,3954.0,-120,4.34,19.68,76.7,0.9978,15.882,10,16.956,10,17.959,11
Armagh,3974.0,-100,4.34,19.68,76.7,0.9976,15.875,10,16.95,10,17.954,11
Armagh,3994.0,-80,4.34,19.68,76.7,0.9974,15.869,10,16.943,10,17.948,11
Armagh,4014.0,-60,4.34,19.68,76.7,0.9971,15.862,10,16.937,10,17.942,11
Armagh,4034.0,-40,4.34,19.68,76.7,0.9969,15.855,10,16.931,10,17.936,11
Armagh,4054.0,-20,4.34,19.68,76.7,0.9966,15.849,10,16.925,10,17.931,11
Armagh,4074.0,0,4.34,19.68,76.7,0.9964,15.842,9,16.919,10,17.925,11
Armagh,4094.0,20,4.34,19.68,76.7,0.9962,15.836,9,16.913,10,17.919,11
Armagh,4114.0,40,4.34,19.68,76.7,0.9959,15.829,9,16.906,10,17.913,11
Armagh,4134.0,60,4.34,19.68,76.7,0.9957,15.822,9,16.9,10,17.907,11
Armagh,4154.0,80,4.34,19.68,76.7,0.9955,15.816,9,16.894,10,17.902,11
Armagh,4174.0,100,4.34,19.68,76.7,0.9952,15.809,9,16.888,10,17.896,11
Armagh,4194.0,120,4.34,19.68,76.7,0.995,15.803,9,16.882,10,17.89,11
Armagh,4214.0,140,4.34,19.68,76.7,0.9948,15.796,9,16.876,10,17.884,11
Armagh,4234.0,160,4.34,19.68,76.7,0.9946,15.789,9,16.869,10,17.879,11
Armagh,4254.0,180,4.34,19.68,76.7,0.9943,15.783,9,16.863,10,17.873,11
Armagh,4274.0,200,4.34,19.68,76.7,0.9941,15.776,9,16.857,10,17.867,11
Armagh,4294.0,220,4.34,19.68,76.7,0.9939,15.77,9,16.851,10,17.861,11
Armagh,4314.0,240,4.34,19.68,76.7,0.9937,15.763,9,16.845,10,17.855,11
Armagh,4334.0,260,4.34,19.68,76.7,0.9935,15.756,9,16.838,10,17.85,11
Armagh,4354.0,280,4.34,19.68,76.7,0.9932,15.75,9,16.832,10,17.844,11
Armagh,4374.0,300,4.34,19.68,76.7,0.993,15.743,9,16.826,10,17.838,11
Armagh,4394.0,320,4.34,19.68,76.7,0.9928,15.736,9,16.82,10,17.832,11
Armagh,4414.0,340,4.34,19.681,76.7,0.9926,15.73,9,16.814,10,17.826,11
Armagh,4434.0,360,4.34,19.681,76.7,0.9924,15.723,9,16.807,10,17.821,11
Armagh,4454.0,380,4.34,19.681,76.7,0.9922,15.716,9,16.801,10,17.815,11
Armagh,4474.0,400,4.34,19.681,76.7,0.9919,15.71,9,16.795,10,17.809,11
Armagh,4494.0,420,4.34,19.681,76.7,0.9917,15.703,9,16.789,10,17.803,11
Armagh,4514.0,440,4.34,19.681,76.7,0.9915,15.696,9,16.783,10,17.797,11
Armagh,4534.0,460,4.34,19.681,76.7,0.9913,15.69,9,16.776,10,17.792,11
Armagh,4554.0,480,4.34,19.681,76.7,0.9911,15.683,9,16.77,10,17.786,11
Armagh,4574.0,500,4.34,19.681,76.7,0.9909,15.676,9,16.764,10,17.78,11
Armagh,4594.0,520,4.34,19.681,76.7,0.9907,15.67,9,16.758,10,17.774,11
Armagh,4614.0,540,4.34,19.681,76.7,0.9905,15.663,9,16.751,10,17.768,11
Armagh,4634.0,560,4.34,19.681,76.7,0.9903,15.656,9,16.745,10,17.762,11
Armagh,4654.0,580,4.34,19.681,76.7,0.9901,15.65,9,16.739,10,17.757,11
Armagh,4674.0,600,4.34,19.681,76.7,0.9899,15.643,9,16.733,10,17.751,11
Iona,3474.0,-600,4.206,19.817,78.1,0.981,16.029,10,17.085,10,18.076,11
Iona,3494.0,-580,4.206,19.817,78.1,0.9813,16.023,10,17.079,10,18.071,11
Iona,3514.0,-560,4.206,19.817,78.1,0.9815,16.016,10,17.073,10,18.065,11
Iona,3534.0,-540,4.206,19.817,78.1,0.9818,16.01,10,17.067,10,18.059,11
Iona,3554.0,-520,4.206,19.817,78.1,0.9821,16.003,10,17.061,10,18.054,11
Iona,3574.0,-500,4.206,19.817,78.1,0.9823,15.997,10,17.055,10,18.048,11
Iona,3594.0,-480,4.206,19.817,78.1,0.9826,15.99,10,17.049,10,18.042,11
Iona,3614.0,-460,4.206,19.817,78.1,0.9829,15.984,10,17.043,10,18.037,11
Iona,3634.0,-440,4.206,19.817,78.1,0.9831,15.977,10,17.037,10,18.031,11
Iona,3654.0,-420,4.206,19.817,78.1,0.9834,15.971,10,17.031,10,18.025,11
Iona,3674.0,-400,4.206,19.817,78.1,0.9836,15.964,10,17.025,10,18.02,11
Iona,3694.0,-380,4.206,19.817,78.1,0.9839,15.958,10,17.018,10,18.014,11
Iona,3714.0,-360,4.206,19.817,78.1,0.9841,15.951,10,17.012,10,18.008,11
Iona,3734.0,-340,4.206,19.817,78.1,0.9844,15.945,10,17.006,10,18.002,11
Iona,3754.0,-320,4.206,19.817,78.1,0.9846,15.938,10,17.0,10,17.997,11
Iona,3774.0,-300,4.206,19.817,78.1,0.9849,15.932,10,16.994,10,17.991,11
Iona,3794.0,-280,4.206,19.817,78.1,0.9851,15.925,10,16.988,10,17.985,11
Iona,3814.0,-260,4.206,19.817,78.1,0.9854,15.919,10,16.982,10,17.98,11
Iona,3834.0,-240,4.206,19.817,78.1,0.9856,15.912,9,16.976,10,17.974,11
Iona,3854.0,-220,4.206,19.817,78.1,0.9859,15.906,9,16.97,10,17.968,11
Iona,3874.0,-200,4.206,19.817,78.1,0.9861,15.899,9,16.964,10,17.963,11
Iona,3894.0,-180,4.206,19.817,78.1,0.9864,15.893,9,16.958,10,17.957,11
Iona,3914.0,-160,4.206,19.817,78.1,0.9866,15.886,9,16.951,10,17.951,11
Iona,3934.0,-140,4.206,19.817,78.1,0.9869,15.88,9,16.945,10,17.945,11
Iona,3954.0,-120,4.206,19.817,78.1,0.9871,15.873,9,16.939,10,17.94,11
Iona,3974.0,-100,4.206,19.817,78.1,0.9873,15.867,9,16.933,10,17.934,11
Iona,3994.0,-80,4.206,19.817,78.1,0.9876,15.86,9,16.927,10,17.928,11
Iona,4014.0,-60,4.206,19.817,78.1,0.9878,15.854,9,16.921,10,17.922,11
Iona,4034.0,-40,4.206,19.817,78.1,0.9881,15.847,9,16.915,10,17.917,11
Iona,4054.0,-20,4.206,19.817,78.1,0.9883,15.841,9,16.909,10,17.911,11
Iona,4074.0,0,4.206,19.817,78.1,0.9885,15.834,9,16.903,10,17.905,11
Iona,4094.0,20,4.206,19.817,78.1,0.9888,15.827,9,16.896,10,17.899,11
Iona,4114.0,40,4.206,19.817,78.1,0.989,15.821,9,16.89,10,17.894,11
Iona,4134.0,60,4.206,19.817,78.1,0.9892,15.814,9,16.884,10,17.888,11
Iona,4154.0,80,4.206,19.817,78.1,0.9894,15.808,9,16.878,10,17.882,11
Iona,4174.0,100,4.206,19.817,78.1,0.9897,15.801,9,16.872,10,17.877,11
Iona,4194.0,120,4.206,19.817,78.1,0.9899,15.795,9,16.866,10,17.871,11
Iona,4214.0,140,4.206,19.817,78.1,0.9901,15.788,9,16.86,10,17.865,11
Iona,4234.0,160,4.206,19.817,78.1,0.9904,15.782,9,16.853,10,17.859,11
Iona,4254.0,180,4.206,19.817,78.1,0.9906,15.775,9,16.847,10,17.853,11
Iona,4274.0,200,4.206,19.817,78.1,0.9908,15.768,9,16.841,10,17.848,11
Iona,4294.0,220,4.206,19.817,78.1,0.991,15.762,9,16.835,10,17.842,11
Iona,4314.0,240,4.206,19.817,78.1,0.9912,15.755,9,16.829,10,17.836,11
Iona,4334.0,260,4.206,19.817,78.1,0.9915,15.749,9,16.823,10,17.83,11
Iona,4354.0,280,4.206,19.817,78.1,0.9917,15.742,9,16.816,10,17.825,11
Iona,4374.0,300,4.206,19.817,78.1,0.9919,15.736,9,16.81,10,17.819,11
Iona,4394.0,320,4.206,19.817,78.1,0.9921,15.729,9,16.804,10,17.813,11
Iona,4414.0,340,4.206,19.817,78.1,0.9923,15.722,9,16.798,10,17.807,11
Iona,4434.0,360,4.206,19.817,78.1,0.9925,15.716,9,16.792,10,17.802,11
Iona,4454.0,380,4.206,19.817,78.1,0.9928,15.709,9,16.786,10,17.796,11
Iona,4474.0,400,4.206,19.817,78.1,0.993,15.703,9,16.779,10,17.79,11
Iona,4494.0,420,4.206,19.817,78.1,0.9932,15.696,9,16.773,10,17.784,11
Iona,4514.0,440,4.206,19.817,78.1,0.9934,15.689,9,16.767,10,17.778,11
Iona,4534.0,460,4.206,19.817,78.1,0.9936,15.683,9,16.761,10,17.773,11
Iona,4554.0,480,4.206,19.817,78.1,0.9938,15.676,9,16.755,10,17.767,11
Iona,4574.0,500,4.206,19.817,78.1,0.994,15.67,9,16.749,10,17.761,11
Iona,4594.0,520,4.206,19.817,78.1,0.9942,15.663,9,16.742,10,17.755,11
Iona,4614.0,540,4.206,19.817,78.1,0.9944,15.656,9,16.736,10,17.749,11
Iona,4634.0,560,4.206,19.817,78.1,0.9946,15.65,9,16.73,10,17.744,11
Iona,4654.0,580,4.205,19.817,78.1,0.9948,15.643,9,16.724,10,17.738,11
Iona,4674.0,600,4.205,19.817,78.1,0.995,15.637,9,16.718,10,17.732,11
Clonmacnoise,3474.0,-600,4.404,19.616,76.1,0.9706,15.951,10,17.023,10,18.023,11
Clonmacnoise,3494.0,-580,4.404,19.616,76.1,0.9703,15.944,10,17.017,10,18.017,11
Clonmacnoise,3514.0,-560,4.404,19.616,76.1,0.97,15.937,10,17.011,10,18.012,11
Clonmacnoise,3534.0,-540,4.404,19.616,76.1,0.9698,15.931,10,17.004,10,18.006,11
Clonmacnoise,3554.0,-520,4.404,19.616,76.1,0.9695,15.924,10,16.998,10,18.0,11
Clonmacnoise,3574.0,-500,4.404,19.616,76.1,0.9693,15.918,10,16.992,10,17.994,11
Clonmacnoise,3594.0,-480,4.404,19.616,76.1,0.969,15.911,10,16.986,10,17.989,11
Clonmacnoise,3614.0,-460,4.404,19.616,76.1,0.9687,15.904,10,16.98,10,17.983,11
Clonmacnoise,3634.0,-440,4.404,19.616,76.1,0.9685,15.898,10,16.974,10,17.977,11
Clonmacnoise,3654.0,-420,4.404,19.616,76.1,0.9682,15.891,10,16.968,10,17.971,11
Clonmacnoise,3674.0,-400,4.404,19.616,76.1,0.968,15.885,10,16.961,10,17.966,11
Clonmacnoise,3694.0,-380,4.404,19.616,76.1,0.9677,15.878,10,16.955,10,17.96,11
Clonmacnoise,3714.0,-360,4.404,19.616,76.1,0.9675,15.871,10,16.949,10,17.954,11
Clonmacnoise,3734.0,-340,4.404,19.616,76.1,0.9672,15.865,10,16.943,10,17.948,11
Clonmacnoise,3754.0,-320,4.404,19.616,76.1,0.967,15.858,10,16.937,10,17.942,11
Clonmacnoise,3774.0,-300,4.404,19.616,76.1,0.9668,15.851,10,16.93,10,17.937,11
Clonmacnoise,3794.0,-280,4.404,19.616,76.1,0.9665,15.845,10,16.924,10,17.931,11
Clonmacnoise,3814.0,-260,4.404,19.616,76.1,0.9663,15.838,10,16.918,10,17.925,11
Clonmacnoise,3834.0,-240,4.404,19.616,76.1,0.966,15.832,10,16.912,10,17.919,11
Clonmacnoise,3854.0,-220,4.404,19.616,76.1,0.9658,15.825,10,16.906,10,17.914,11
Clonmacnoise,3874.0,-200,4.404,19.616,76.1,0.9655,15.818,10,16.9,10,17.908,11
Clonmacnoise,3894.0,-180,4.404,19.616,76.1,0.9653,15.812,9,16.893,10,17.902,11
Clonmacnoise,3914.0,-160,4.404,19.616,76.1,0.9651,15.805,9,16.887,10,17.896,11
Clonmacnoise,3934.0,-140,4.404,19.616,76.1,0.9648,15.798,9,16.881,10,17.89,11
Clonmacnoise,3954.0,-120,4.404,19.616,76.1,0.9646,15.792,9,16.875,10,17.885,11
Clonmacnoise,3974.0,-100,4.404,19.616,76.1,0.9644,15.785,9,16.869,10,17.879,11
Clonmacnoise,3994.0,-80,4.404,19.616,76.1,0.9641,15.778,9,16.862,10,17.873,11
Clonmacnoise,4014.0,-60,4.404,19.616,76.1,0.9639,15.772,9,16.856,10,17.867,11
Clonmacnoise,4034.0,-40,4.404,19.616,76.1,0.9637,15.765,9,16.85,10,17.861,11
Clonmacnoise,4054.0,-20,4.404,19.616,76.1,0.9635,15.758,9,16.844,10,17.856,11
Clonmacnoise,4074.0,0,4.404,19.616,76.1,0.9632,15.752,9,16.837,10,17.85,11
Clonmacnoise,4094.0,20,4.404,19.616,76.1,0.963,15.745,9,16.831,10,17.844,11
Clonmacnoise,4114.0,40,4.404,19.616,76.1,0.9628,15.738,9,16.825,10,17.838,11
Clonmacnoise,4134.0,60,4.404,19.616,76.1,0.9626,15.732,9,16.819,10,17.832,11
Clonmacnoise,4154.0,80,4.404,19.616,76.1,0.9623,15.725,9,16.813,10,17.827,11
Clonmacnoise,4174.0,100,4.404,19.616,76.1,0.9621,15.718,9,16.806,10,17.821,11
Clonmacnoise,4194.0,120,4.404,19.616,76.1,0.9619,15.712,9,16.8,10,17.815,11
Clonmacnoise,4214.0,140,4.404,19.616,76.1,0.9617,15.705,9,16.794,10,17.809,11
Clonmacnoise,4234.0,160,4.404,19.616,76.1,0.9615,15.698,9,16.788,10,17.803,11
Clonmacnoise,4254.0,180,4.404,19.616,76.1,0.9612,15.692,9,16.781,10,17.797,11
Clonmacnoise,4274.0,200,4.404,19.616,76.1,0.961,15.685,9,16.775,10,17.792,11
Clonmacnoise,4294.0,220,4.404,19.616,76.1,0.9608,15.678,9,16.769,10,17.786,11
Clonmacnoise,4314.0,240,4.403,19.616,76.1,0.9606,15.672,9,16.763,10,17.78,11
Clonmacnoise,4334.0,260,4.403,19.616,76.1,0.9604,15.665,9,16.756,10,17.774,11
Clonmacnoise,4354.0,280,4.403,19.616,76.1,0.9602,15.658,9,16.75,10,17.768,11
Clonmacnoise,4374.0,300,4.403,19.616,76.1,0.96,15.651,9,16.744,10,17.762,11
Clonmacnoise,4394.0,320,4.403,19.616,76.1,0.9598,15.645,9,16.738,10,17.757,11
Clonmacnoise,4414.0,340,4.403,19.616,76.1,0.9596,15.638,9,16.731,10,17.751,11
Clonmacnoise,4434.0,360,4.403,19.616,76.1,0.9594,15.631,9,16.725,10,17.745,11
Clonmacnoise,4454.0,380,4.403,19.616,76.1,0.9592,15.625,9,16.719,10,17.739,11
Clonmacnoise,4474.0,400,4.403,19.616,76.1,0.959,15.618,9,16.712,10,17.733,11
Clonmacnoise,4494.0,420,4.403,19.616,76.1,0.9588,15.611,9,16.706,10,17.727,11
Clonmacnoise,4514.0,440,4.403,19.616,76.1,0.9586,15.604,9,16.7,10,17.721,11
Clonmacnoise,4534.0,460,4.403,19.616,76.1,0.9584,15.598,9,16.694,10,17.716,11
Clonmacnoise,4554.0,480,4.403,19.616,76.1,0.9582,15.591,9,16.687,10,17.71,11
Clonmacnoise,4574.0,500,4.403,19.616,76.1,0.958,15.584,9,16.681,10,17.704,11
Clonmacnoise,4594.0,520,4.403,19.616,76.1,0.9578,15.577,9,16.675,10,17.698,11
Clonmacnoise,4614.0,540,4.403,19.616,76.1,0.9576,15.571,9,16.668,10,17.692,11
Clonmacnoise,4634.0,560,4.403,19.616,76.1,0.9574,15.564,9,16.662,10,17.686,11
Clonmacnoise,4654.0,580,4.403,19.616,76.1,0.9572,15.557,9,16.656,10,17.68,11
Clonmacnoise,4674.0,600,4.403,19.616,76.1,0.957,15.55,9,16.649,10,17.674,11
Jarrow,3474.0,-600,4.3,19.721,77.1,1.0,16.428,10,17.459,11,18.433,11
Jarrow,3494.0,-580,4.3,19.721,77.1,1.0406,16.422,10,17.452,11,18.428,11
Jarrow,3514.0,-560,4.3,19.721,77.1,1.0406,16.415,10,17.445,11,18.422,11
Jarrow,3534.0,-540,4.3,19.721,77.1,1.0,16.409,10,17.438,11,18.417,11
Jarrow,3554.0,-520,4.3,19.721,77.1,1.0,16.403,10,17.432,11,18.411,11
Jarrow,3574.0,-500,4.3,19.721,77.1,1.0,16.396,10,17.425,11,18.406,11
Jarrow,3594.0,-480,4.3,19.721,77.1,1.0407,16.39,10,17.418,11,18.4,11
Jarrow,3614.0,-460,4.3,19.721,77.1,1.0407,16.384,10,17.412,11,18.395,11
Jarrow,3634.0,-440,4.3,19.721,77.1,1.0407,16.377,10,17.405,11,18.389,11
Jarrow,3654.0,-420,4.3,19.721,77.1,1.0407,16.371,10,17.399,11,18.383,11
Jarrow,3674.0,-400,4.3,19.721,77.1,1.0407,16.364,10,17.392,11,18.378,11
Jarrow,3694.0,-380,4.3,19.721,77.1,1.0408,16.358,10,17.386,11,18.372,11
Jarrow,3714.0,-360,4.3,19.721,77.1,1.0,16.352,10,17.38,11,18.367,11
Jarrow,3734.0,-340,4.3,19.721,77.1,1.0,16.345,10,17.373,11,18.361,11
Jarrow,3754.0,-320,4.3,19.721,77.1,1.0,16.339,10,17.367,11,18.356,11
Jarrow,3774.0,-300,4.3,19.721,77.1,1.0,16.333,10,17.361,11,18.35,11
Jarrow,3794.0,-280,4.3,19.721,77.1,1.0,16.326,10,17.354,11,18.344,11
Jarrow,3814.0,-260,4.3,19.721,77.1,1.0,16.32,10,17.348,11,18.339,11
Jarrow,3834.0,-240,4.3,19.721,77.1,1.0,16.313,10,17.342,11,18.333,11
Jarrow,3854.0,-220,4.3,19.721,77.1,1.0409,16.307,10,17.335,11,18.328,11
Jarrow,3874.0,-200,4.3,19.721,77.1,1.0409,16.301,10,17.329,11,18.322,11
Jarrow,3894.0,-180,4.3,19.721,77.1,1.0,16.294,10,17.323,11,18.317,11
Jarrow,3914.0,-160,4.3,19.722,77.1,1.0409,16.288,10,17.317,11,18.311,11
Jarrow,3934.0,-140,4.3,19.722,77.1,1.0,16.281,10,17.31,11,18.305,11
Jarrow,3954.0,-120,4.3,19.722,77.1,1.041,16.275,10,17.304,11,18.3,11
Jarrow,3974.0,-100,4.3,19.722,77.1,1.0,16.269,10,17.298,11,18.294,11
Jarrow,3994.0,-80,4.3,19.722,77.1,1.041,16.262,10,17.292,11,18.289,11
Jarrow,4014.0,-60,4.3,19.722,77.1,1.041,16.256,10,17.286,11,18.283,11
Jarrow,4034.0,-40,4.3,19.722,77.1,1.0,16.249,10,17.279,11,18.277,11
Jarrow,4054.0,-20,4.3,19.722,77.1,1.041,16.243,10,17.273,11,18.272,11
Jarrow,4074.0,0,4.3,19.722,77.1,1.0,16.237,10,17.267,11,18.266,11
Jarrow,4094.0,20,4.3,19.722,77.1,1.0,16.23,10,17.261,11,18.26,11
Jarrow,4114.0,40,4.3,19.722,77.1,1.0411,16.224,10,17.255,11,18.255,11
Jarrow,4134.0,60,4.3,19.722,77.1,1.0411,16.217,10,17.248,11,18.249,11
Jarrow,4154.0,80,4.3,19.722,77.1,1.0,16.211,10,17.242,11,18.244,11
Jarrow,4174.0,100,4.3,19.722,77.1,1.0,16.204,10,17.236,11,18.238,11
Jarrow,4194.0,120,4.3,19.722,77.1,1.0411,16.198,10,17.23,11,18.232,11
Jarrow,4214.0,140,4.3,19.722,77.1,1.0412,16.191,10,17.224,11,18.227,11
Jarrow,4234.0,160,4.3,19.722,77.1,1.0412,16.185,10,17.218,11,18.221,11
Jarrow,4254.0,180,4.3,19.722,77.1,1.0412,16.179,10,17.212,11,18.215,11
Jarrow,4274.0,200,4.3,19.722,77.1,1.0412,16.172,10,17.205,11,18.21,11
Jarrow,4294.0,220,4.3,19.722,77.1,1.0,16.166,10,17.199,11,18.204,11
Jarrow,4314.0,240,4.3,19.722,77.1,1.0412,16.159,10,17.193,11,18.199,11
Jarrow,4334.0,260,4.3,19.722,77.1,1.0,16.153,10,17.187,11,18.193,11
Jarrow,4354.0,280,4.3,19.722,77.1,1.0413,16.146,10,17.181,11,18.187,11
Jarrow,4374.0,300,4.3,19.722,77.1,1.0,16.14,10,17.175,11,18.182,11
Jarrow,4394.0,320,4.3,19.722,77.1,1.0413,16.133,10,17.169,11,18.176,11
Jarrow,4414.0,340,4.3,19.722,77.1,1.0413,16.127,10,17.162,11,18.17,11
Jarrow,4434.0,360,4.3,19.722,77.1,1.0413,16.12,10,17.156,11,18.165,11
Jarrow,4454.0,380,4.3,19.722,77.1,1.0,16.114,10,17.15,10,18.159,11
Jarrow,4474.0,400,4.3,19.722,77.1,1.0414,16.108,10,17.144,10,18.153,11
Jarrow,4494.0,420,4.3,19.722,77.1,1.0,16.101,10,17.138,10,18.148,11
Jarrow,4514.0,440,4.3,19.722,77.1,1.0414,16.095,10,17.132,10,18.142,11
Jarrow,4534.0,460,4.299,19.722,77.1,1.0414,16.088,10,17.126,10,18.136,11
Jarrow,4554.0,480,4.299,19.722,77.1,1.0414,16.082,10,17.12,10,18.131,11
Jarrow,4574.0,500,4.299,19.722,77.1,1.0,16.075,10,17.113,10,18.125,11
Jarrow,4594.0,520,4.299,19.722,77.1,1.0,16.069,10,17.107,10,18.119,11
Jarrow,4614.0,540,4.299,19.722,77.1,1.0415,16.062,10,17.101,10,18.114,11
Jarrow,4634.0,560,4.299,19.722,77.1,1.0,16.056,10,17.095,10,18.108,11
Jarrow,4654.0,580,4.299,19.722,77.1,1.0,16.049,10,17.089,10,18.102,11
Jarrow,4674.0,600,4.299,19.722,77.1,1.0,16.043,10,17.083,10,18.097,11
