year,first,lunar_date,lunar_umbral_mag,lunar_total,solar_date,solar_irish_mag,gap_days
402,solar,0402-11-26,0.059,False,0402-11-11,0.844,14.57
413,solar,0413-05-02,0.38,False,0413-04-16,0.973,15.51
437,solar,0437-12-28,1.338,True,0437-12-13,0.576,15.19
442,solar,0442-10-05,0.366,False,0442-09-20,0.582,15.54
453,solar,0453-03-11,0.344,False,0453-02-24,0.715,14.45
460,solar,0460-10-16,0.394,False,0460-09-30,0.524,15.55
467,solar,0467-06-03,0.792,False,0467-05-19,0.708,15.45
485,solar,0485-06-14,0.937,False,0485-05-29,0.812,15.43
492,solar,0492-01-30,1.418,True,0492-01-15,0.542,15.08
507,solar,0507-04-13,0.636,False,0507-03-29,0.934,14.55
509,lunar,0509-08-16,0.814,False,0509-08-31,0.552,15.39
514,solar,0514-11-18,0.427,False,0514-11-02,0.509,15.59
538,lunar,0538-01-31,0.647,False,0538-02-15,0.666,15.27
549,lunar,0549-06-26,1.022,True,0549-07-10,0.694,14.72
550,solar,0550-12-10,0.425,False,0550-11-24,0.637,15.6
561,solar,0561-05-15,1.006,True,0561-04-30,0.853,14.66
563,lunar,0563-09-18,0.584,False,0563-10-03,0.775,15.33
565,solar,0565-03-02,0.382,False,0565-02-16,0.87,14.24
590,solar,0590-10-18,0.783,False,0590-10-04,0.719,14.27
592,lunar,0592-03-04,0.483,False,0592-03-19,0.573,15.34
594,solar,0594-08-07,0.34,False,0594-07-23,1.061,14.64
604,solar,0605-01-11,0.433,False,0604-12-26,0.641,15.6
612,solar,0612-08-17,0.46,False,0612-08-02,0.784,14.6
615,solar,0615-06-17,1.414,True,0615-06-02,0.583,14.79
619,solar,0619-04-04,0.691,False,0619-03-21,0.871,14.12
634,solar,0634-06-17,0.149,False,0634-06-01,0.811,15.41
644,solar,0644-11-19,0.841,False,0644-11-05,0.767,14.38
648,solar,0648-09-07,0.666,False,0648-08-24,0.594,14.53
659,solar,0659-02-13,0.51,False,0659-01-28,0.687,15.57
666,solar,0666-09-19,0.749,False,0666-09-04,0.93,14.5
688,solar,0688-07-18,0.526,False,0688-07-03,0.744,15.47
693,lunar,0693-09-20,0.051,False,0693-10-05,0.793,15.1
697,lunar,0697-07-09,0.75,False,0697-07-23,0.568,13.96
698,solar,0698-12-23,0.86,False,0698-12-08,0.908,14.48
706,solar,0706-07-30,0.642,False,0706-07-14,0.813,15.49
713,solar,0713-03-17,0.698,False,0713-03-01,0.927,15.51
720,solar,0720-10-21,0.919,False,0720-10-06,0.851,14.42
730,lunar,0730-10-01,1.343,True,0730-10-16,0.594,15.57
737,lunar,0737-05-18,1.104,True,0737-06-03,0.734,15.42
753,solar,0753-01-24,0.908,False,0753-01-09,0.865,14.58
760,solar,0760-08-31,0.933,False,0760-08-15,0.724,15.54
767,solar,0767-04-19,1.008,True,0767-04-03,0.511,15.44
798,lunar,0798-02-05,0.351,False,0798-02-20,0.833,14.92
807,solar,0807-02-26,1.037,True,0807-02-11,0.916,14.67
809,lunar,0809-07-01,0.571,False,0809-07-16,0.84,15.32
810,solar,0810-12-14,1.021,True,0810-11-30,0.876,14.29
814,solar,0814-10-03,1.123,True,0814-09-17,0.514,15.57
820,lunar,0820-11-23,1.231,True,0820-12-09,0.547,15.6
824,lunar,0824-09-12,1.255,True,0824-09-26,0.565,14.25
835,lunar,0835-02-17,1.494,True,0835-03-03,0.531,14.18
849,lunar,0849-05-11,0.816,False,0849-05-25,0.936,14.78
852,lunar,0852-03-09,0.191,False,0852-03-24,0.857,14.78
854,solar,0854-08-12,1.143,True,0854-07-28,0.828,14.22
861,solar,0861-03-30,1.27,True,0861-03-15,0.71,14.76
863,lunar,0863-08-03,0.212,False,0863-08-18,0.68,15.24
865,solar,0865-01-15,1.075,True,0865-01-01,0.999,14.2
868,solar,0868-11-04,1.21,True,0868-10-19,0.636,15.59
875,lunar,0874-12-26,1.228,True,0875-01-11,0.647,15.59
878,lunar,0878-10-15,1.054,True,0878-10-29,1.025,14.37
894,solar,0894-06-22,0.602,False,0894-06-07,0.864,14.56
908,solar,0908-09-13,1.415,True,0908-08-29,0.656,14.35
919,solar,0919-02-17,1.203,True,0919-02-03,0.561,14.11
922,solar,0922-12-07,1.23,True,0922-11-21,0.656,15.58
932,lunar,0932-11-16,0.956,False,0932-11-30,0.727,14.48
934,solar,0934-05-02,0.328,False,0934-04-16,0.961,15.45
936,lunar,0936-09-04,1.132,True,0936-09-18,0.566,14.43
966,solar,0966-08-04,1.205,True,0966-07-20,0.832,14.4
968,lunar,0968-12-07,0.926,False,0968-12-22,0.98,14.55
983,lunar,0983-03-02,1.073,True,0983-03-17,0.506,15.49
988,solar,0988-06-03,0.708,False,0988-05-18,0.641,15.49
990,lunar,0990-10-07,0.935,False,0990-10-21,0.81,14.35
1013,solar,1013-01-30,1.285,True,1013-01-14,0.673,15.51
1017,solar,1017-11-06,0.412,False,1017-10-22,0.575,15.27
1020,solar,1020-09-04,1.558,True,1020-08-21,0.515,14.31
1023,lunar,1023-01-09,0.882,False,1023-01-24,0.998,14.65
1030,lunar,1030-08-16,0.881,False,1030-08-31,0.825,15.55
1037,lunar,1037-04-02,0.845,False,1037-04-18,0.935,15.41
1044,lunar,1044-11-08,0.837,False,1044-11-22,0.88,14.28
1052,lunar,1052-06-15,1.467,True,1052-06-29,0.61,14.12
1060,solar,1060-07-16,1.244,True,1060-06-30,0.506,15.53
1077,lunar,1077-02-10,0.776,False,1077-02-25,0.697,14.74
1084,lunar,1084-09-17,0.625,False,1084-10-02,0.853,15.57
1098,lunar,1098-12-11,0.801,False,1098-12-25,0.696,14.21
1124,lunar,1124-07-28,0.848,False,1124-08-11,0.76,14.27
1125,solar,1126-01-11,0.438,False,1125-12-26,0.617,15.43
1138,lunar,1138-10-20,0.486,False,1138-11-04,0.594,15.58
1140,solar,1140-04-04,0.421,False,1140-03-20,0.977,14.66
1153,lunar,1153-01-12,0.77,False,1153-01-26,0.751,14.13
1176,solar,1176-04-25,0.68,False,1176-04-11,0.577,14.56
1178,lunar,1178-08-30,0.466,False,1178-09-13,0.894,14.41
1180,solar,1180-02-13,0.501,False,1180-01-28,0.945,15.48
1192,lunar,1192-11-21,0.442,False,1192-12-06,0.765,15.56
1194,solar,1194-05-07,0.824,False,1194-04-22,0.699,14.51
