jd_tt,year,month,day,date_julian_cal,weekday,kind,umbral_mag,penumbral_mag,beta_deg,delta_t_s,umbral_duration_h,irish_site,moon_alt_deg,frac_umbral_visible,visible_from_ireland
2415508.27129,1901,5,3,1901-05-03,5,penumbral,-0.025,1.0734,0.9097,1.0,0.0,,,0.0,False
2415685.13576,1901,10,27,1901-10-27,0,partial umbral,0.2279,1.2108,0.9232,1.0,1.68,,-90.0,0.0,False
2415862.28647,1902,4,22,1902-04-22,2,total,1.3411,2.4304,0.244,2.0,3.76,Armagh,7.5,0.12,True
2416039.75228,1902,10,17,1902-10-17,5,total,1.4646,2.4796,0.2177,2.0,3.55,Clonmacnoise,23.4,0.6,True
2416216.509,1903,4,12,1903-04-12,0,partial umbral,0.9761,2.0169,0.459,2.0,3.29,Clonmacnoise,28.2,1.0,True
2416394.13724,1903,10,6,1903-10-06,2,partial umbral,0.873,1.9422,0.4935,2.0,3.25,,-90.0,0.0,False
2416541.62664,1904,3,2,1904-03-02,3,penumbral,-0.7814,0.2041,1.4838,3.0,0.0,,,0.0,False
2416571.02249,1904,3,31,1904-03-31,4,penumbral,-0.2618,0.7304,1.175,3.0,0.0,,,0.0,False
2416748.23247,1904,9,24,1904-09-24,6,penumbral,-0.5311,0.5734,1.1571,3.0,0.0,,,0.0,False
2416896.29172,1905,2,19,1905-02-19,0,partial umbral,0.4143,1.4101,0.8089,3.0,2.23,Armagh,19.7,0.8,True
2417072.65339,1905,8,15,1905-08-15,2,partial umbral,0.2949,1.3549,0.7865,3.0,2.08,Clonmacnoise,17.2,0.88,True
2417250.8243,1906,2,9,1906-02-09,5,total,1.6331,2.6793,0.1164,4.0,3.67,Clonmacnoise,17.9,0.4,True
2417427.04177,1906,8,4,1906-08-04,6,total,1.7891,2.7913,0.0464,4.0,3.66,,-90.0,0.0,False
2417605.0681,1907,1,29,1907-01-29,2,partial umbral,0.7194,1.824,0.5526,4.0,3.08,,-90.0,0.0,False
2417781.6822,1907,7,25,1907-07-25,4,partial umbral,0.6239,1.5876,0.7061,4.0,2.64,Clonmacnoise,8.5,0.32,True
2417959.05669,1908,1,18,1908-01-18,6,penumbral,-0.5613,0.5667,1.1638,5.0,0.0,,,0.0,False
2418107.08793,1908,6,14,1908-06-14,0,penumbral,-0.1466,0.8407,1.1006,5.0,0.0,,,0.0,False
2418136.39859,1908,7,13,1908-07-13,1,penumbral,-0.7113,0.2567,1.4391,5.0,0.0,,,0.0,False
2418283.41329,1908,12,7,1908-12-07,1,penumbral,-0.0015,1.0637,0.957,5.0,0.0,,,0.0,False
2418461.56176,1909,6,4,1909-06-04,5,total,1.166,2.2089,0.3545,5.0,3.52,Clonmacnoise,14.1,1.0,True
2418637.87133,1909,11,27,1909-11-27,6,total,1.3746,2.3832,0.2722,5.0,3.46,Iona,7.8,0.16,True
2418815.73213,1910,5,24,1910-05-24,2,total,1.1028,2.1919,0.3599,6.0,3.61,,-90.0,0.0,False
2418992.51459,1910,11,17,1910-11-17,4,total,1.1353,2.1208,0.418,6.0,3.24,Clonmacnoise,55.4,1.0,True
2419169.74745,1911,5,13,1911-05-13,6,penumbral,-0.2635,0.8276,1.0333,6.0,0.0,,,0.0,False
2419347.15049,1911,11,6,1911-11-06,1,penumbral,-0.1638,0.845,1.1077,6.0,0.0,,,0.0,False
2419494.42659,1912,4,1,1912-04-01,1,partial umbral,0.1901,1.2169,0.8864,7.0,1.62,Clonmacnoise,28.4,1.0,True
2419671.98958,1912,9,26,1912-09-26,4,partial umbral,0.1263,1.2075,0.8585,7.0,1.41,,-90.0,0.0,False
2419848.9984,1913,3,22,1913-03-22,6,total,1.5787,2.564,0.1691,8.0,3.51,,-90.0,0.0,False
2420026.03349,1913,9,15,1913-09-15,1,total,1.4376,2.5415,0.1901,8.0,3.86,,-90.0,0.0,False
2420203.67574,1914,3,12,1914-03-12,4,partial umbral,0.9186,1.9035,0.5366,8.0,3.04,Clonmacnoise,33.5,1.0,True
2420380.07974,1914,9,4,1914-09-04,5,partial umbral,0.8668,1.9425,0.4877,8.0,3.29,,-90.0,0.0,False
2420528.7068,1915,1,31,1915-01-31,0,penumbral,-0.9918,0.0734,1.4697,9.0,0.0,,,0.0,False
2420558.26355,1915,3,1,1915-03-01,1,penumbral,-0.4447,0.5834,1.2317,9.0,0.0,,,0.0,False
2420705.01704,1915,7,26,1915-07-26,1,penumbral,-0.6043,0.3827,1.3495,9.0,0.0,,,0.0,False
2420734.39382,1915,8,24,1915-08-24,2,penumbral,-0.4152,0.6027,1.2068,9.0,0.0,,,0.0,False
2420882.86096,1916,1,20,1916-01-20,4,partial umbral,0.1399,1.2573,0.8304,9.0,1.5,Iona,6.4,0.08,True
2421059.69864,1916,7,15,1916-07-15,6,partial umbral,0.8035,1.7634,0.6094,9.0,2.9,Clonmacnoise,5.5,0.12,True
2421236.82274,1917,1,8,1917-01-08,1,total,1.3721,2.4966,0.2179,10.0,3.81,Clonmacnoise,23.8,0.56,True
2421414.40216,1917,7,4,1917-07-04,3,total,1.6276,2.6048,0.1427,10.0,3.56,Clonmacnoise,11.6,0.44,True
2421590.90727,1917,12,28,1917-12-28,5,total,1.0132,2.0943,0.4213,10.0,3.39,Iona,5.1,0.04,True
2421768.93616,1918,6,24,1918-06-24,1,partial umbral,0.1378,1.1661,0.8975,11.0,1.42,,-90.0,0.0,False
2421945.29585,1918,12,17,1918-12-17,2,penumbral,-0.1607,0.8616,1.0957,11.0,0.0,,,0.0,False
2422093.55144,1919,5,15,1919-05-15,4,penumbral,-0.156,0.9406,0.9738,11.0,0.0,,,0.0,False
2422270.48931,1919,11,7,1919-11-07,5,partial umbral,0.1849,1.1711,0.9455,11.0,1.53,Clonmacnoise,53.4,1.0,True
2422447.57709,1920,5,3,1920-05-03,1,total,1.2279,2.3119,0.3022,12.0,3.68,Clonmacnoise,20.3,1.0,True
2422625.09136,1920,10,27,1920-10-27,3,total,1.4065,2.4274,0.2467,12.0,3.54,,-90.0,0.0,False
2422801.8227,1921,4,22,1921-04-22,5,total,1.0763,2.1106,0.4097,13.0,3.39,,-90.0,0.0,False
2422979.45421,1921,10,16,1921-10-16,0,partial umbral,0.9392,2.0147,0.4569,13.0,3.34,Clonmacnoise,44.9,1.0,True
2423126.97829,1922,3,13,1922-03-13,1,penumbral,-0.8208,0.1612,1.5077,13.0,0.0,,,0.0,False
2423156.35577,1922,4,11,1922-04-11,2,penumbral,-0.179,0.8082,1.1332,13.0,0.0,,,0.0,False
2423333.53045,1922,10,6,1922-10-06,5,penumbral,-0.4436,0.6651,1.1122,13.0,0.0,,,0.0,False
2423481.64733,1923,3,3,1923-03-03,6,partial umbral,0.3794,1.3744,0.8269,14.0,2.15,Clonmacnoise,37.9,1.0,True
2423657.94431,1923,8,26,1923-08-26,0,partial umbral,0.1714,1.2304,0.8519,14.0,1.61,,-90.0,0.0,False
2423836.17287,1924,2,20,1924-02-20,3,total,1.6072,2.6543,0.1294,15.0,3.68,,-90.0,0.0,False
2424012.34758,1924,8,14,1924-08-14,4,total,1.6617,2.6623,0.1154,15.0,3.63,Clonmacnoise,14.6,0.4,True
2424190.40444,1925,2,8,1925-02-08,0,partial umbral,0.7387,1.8438,0.5417,15.0,3.12,Clonmacnoise,47.2,1.0,True
2424366.99518,1925,8,4,1925-08-04,2,partial umbral,0.7552,1.7192,0.6338,15.0,2.84,,-90.0,0.0,False
2424544.38916,1926,1,28,1926-01-28,4,penumbral,-0.5415,0.5848,1.1548,16.0,0.0,,,0.0,False
2424692.39246,1926,6,25,1926-06-25,5,penumbral,-0.2874,0.7022,1.1729,16.0,0.0,,,0.0,False
2424721.70848,1926,7,25,1926-07-25,0,penumbral,-0.5887,0.3818,1.3683,16.0,0.0,,,0.0,False
2424868.76404,1926,12,19,1926-12-19,0,penumbral,-0.0081,1.0551,0.9637,16.0,0.0,,,0.0,False
2425046.85051,1927,6,15,1927-06-15,3,total,1.0203,2.0654,0.4273,17.0,3.4,,-90.0,0.0,False
2425223.23284,1927,12,8,1927-12-08,4,total,1.3596,2.3676,0.2812,17.0,3.44,Iona,25.5,0.76,True
2425401.00688,1928,6,3,1928-06-03,0,total,1.25,2.3388,0.287,17.0,3.73,,-90.0,0.0,False
2425577.87642,1928,11,27,1928-11-27,2,total,1.1591,2.1468,0.404,17.0,3.26,Iona,6.6,0.12,True
2425755.02615,1929,5,23,1929-05-23,4,penumbral,-0.1213,0.9658,0.9658,18.0,0.0,,,0.0,False
2425932.50219,1929,11,17,1929-11-17,0,penumbral,-0.1379,0.8758,1.0897,18.0,0.0,,,0.0,False
2426079.74938,1930,4,13,1930-04-13,0,partial umbral,0.1144,1.135,0.9311,19.0,1.27,,-90.0,0.0,False
2426257.2967,1930,10,7,1930-10-07,2,partial umbral,0.0331,1.1202,0.9016,19.0,0.73,Armagh,13.4,1.0,True
2426434.33881,1931,4,2,1931-04-02,4,total,1.5122,2.4933,0.2074,19.0,3.48,Clonmacnoise,21.0,0.6,True
2426611.32524,1931,9,26,1931-09-26,6,total,1.3281,2.4352,0.243,19.0,3.8,Clonmacnoise,27.2,0.72,True
2426789.0227,1932,3,22,1932-03-22,2,partial umbral,0.9743,1.9576,0.5054,20.0,3.11,,-90.0,0.0,False
2426965.3756,1932,9,14,1932-09-14,3,partial umbral,0.9836,2.0595,0.4302,20.0,3.42,Clonmacnoise,29.3,0.96,True
2427114.05388,1933,2,10,1933-02-10,5,penumbral,-1.02,0.0464,1.4797,21.0,0.0,,,0.0,False
2427143.60629,1933,3,12,1933-03-12,0,penumbral,-0.4073,0.621,1.2081,21.0,0.0,,,0.0,False
2427290.32375,1933,8,5,1933-08-05,6,penumbral,-0.7253,0.2604,1.4194,21.0,0.0,,,0.0,False
2427319.70297,1933,9,4,1933-09-04,1,penumbral,-0.2938,0.7232,1.1467,21.0,0.0,,,0.0,False
2427468.19632,1934,1,30,1934-01-30,2,partial umbral,0.1191,1.2367,0.8394,22.0,1.39,,-90.0,0.0,False
2427645.01086,1934,7,26,1934-07-26,4,partial umbral,0.6703,1.6307,0.6837,22.0,2.7,,-90.0,0.0,False
2427822.15798,1935,1,19,1935-01-19,6,total,1.3578,2.4804,0.2256,22.0,3.79,Iona,8.1,0.12,True
2427999.70841,1935,7,16,1935-07-16,2,total,1.7633,2.7432,0.0675,22.0,3.6,Clonmacnoise,6.6,0.12,True
2428176.25683,1936,1,8,1936-01-08,3,total,1.0249,2.1031,0.4172,23.0,3.39,Iona,27.6,0.84,True
2428354.226,1936,7,4,1936-07-04,6,partial umbral,0.2747,1.3063,0.8226,23.0,1.97,,-90.0,0.0,False
2428530.65912,1936,12,28,1936-12-28,1,penumbral,-0.1479,0.8725,1.092,23.0,0.0,,,0.0,False
2428678.82748,1937,5,25,1937-05-25,2,penumbral,-0.295,0.7998,1.0419,24.0,0.0,,,0.0,False
2428855.84695,1937,11,18,1937-11-18,4,partial umbral,0.1512,1.1407,0.9626,24.0,1.39,,-90.0,0.0,False
2429032.86379,1938,5,14,1938-05-14,6,total,1.1051,2.184,0.3654,25.0,3.57,,-90.0,0.0,False
2429210.43515,1938,11,7,1938-11-07,1,total,1.3602,2.3867,0.2693,25.0,3.52,Clonmacnoise,53.0,1.0,True
2429387.13306,1939,5,3,1939-05-03,3,total,1.1851,2.2132,0.3556,25.0,3.47,,-90.0,0.0,False
2429564.77556,1939,10,28,1939-10-28,6,partial umbral,0.9951,2.0767,0.4258,25.0,3.41,Clonmacnoise,20.6,0.52,True
2429712.32516,1940,3,23,1940-03-23,6,penumbral,-0.871,0.1076,1.5374,26.0,0.0,,,0.0,False
2429741.68499,1940,4,22,1940-04-22,1,penumbral,-0.0868,0.8956,1.086,26.0,0.0,,,0.0,False
2429918.83421,1940,10,16,1940-10-16,3,penumbral,-0.3679,0.7449,1.0734,26.0,0.0,,,0.0,False
2430066.99712,1941,3,13,1941-03-13,4,partial umbral,0.3318,1.3261,0.8516,27.0,2.03,,-90.0,0.0,False
2430243.24111,1941,9,5,1941-09-05,5,partial umbral,0.0591,1.1175,0.9119,27.0,0.96,,-90.0,0.0,False
2430421.51526,1942,3,3,1942-03-03,2,total,1.569,2.6166,0.1489,28.0,3.68,Clonmacnoise,43.1,1.0,True
2430597.65854,1942,8,26,1942-08-26,3,total,1.5441,2.5438,0.1793,28.0,3.59,Clonmacnoise,22.3,0.8,True
2430775.73502,1943,2,20,1943-02-20,6,partial umbral,0.7698,1.8747,0.5252,28.0,3.17,Clonmacnoise,32.2,0.96,True
2430952.31164,1943,8,15,1943-08-15,0,partial umbral,0.8788,1.8435,0.5654,28.0,2.99,Armagh,6.4,0.12,True
2431129.71867,1944,2,9,1944-02-09,3,penumbral,-0.515,0.609,1.1429,29.0,0.0,,,0.0,False
2431277.69454,1944,7,6,1944-07-06,4,penumbral,-0.4322,0.5602,1.2467,29.0,0.0,,,0.0,False
2431307.01874,1944,8,4,1944-08-04,5,penumbral,-0.4677,0.506,1.2981,29.0,0.0,,,0.0,False
2431454.1178,1944,12,29,1944-12-29,5,penumbral,-0.0092,1.0515,0.9677,29.0,0.0,,,0.0,False
2431632.13505,1945,6,25,1945-06-25,1,partial umbral,0.8673,1.9151,0.5034,30.0,3.23,,-90.0,0.0,False
2431808.59778,1945,12,19,1945-12-19,3,total,1.3513,2.3584,0.2866,30.0,3.43,Clonmacnoise,59.2,1.0,True
2431986.27729,1946,6,14,1946-06-14,5,total,1.4063,2.495,0.2098,31.0,3.83,,-90.0,0.0,False
2432163.24211,1946,12,8,1946-12-08,0,total,1.1741,2.1636,0.3951,31.0,3.27,Iona,27.2,0.84,True
2432340.3025,1947,6,3,1947-06-03,2,partial umbral,0.0277,1.111,0.8947,32.0,0.68,,-90.0,0.0,False
2432517.85731,1947,11,28,1947-11-28,5,penumbral,-0.1203,0.898,1.0763,32.0,0.0,,,0.0,False
2432665.06901,1948,4,23,1948-04-23,5,partial umbral,0.0309,1.0453,0.9801,32.0,0.67,,-90.0,0.0,False
2432842.60819,1948,10,18,1948-10-18,1,penumbral,-0.0493,1.0436,0.9392,32.0,0.0,,,0.0,False
2433019.67458,1949,4,13,1949-04-13,3,total,1.435,2.4119,0.2516,33.0,3.45,Clonmacnoise,22.8,0.72,True
2433196.62281,1949,10,7,1949-10-07,5,total,1.2311,2.3414,0.2897,33.0,3.73,Clonmacnoise,39.9,1.0,True
2433374.36431,1950,4,2,1950-04-02,0,total,1.041,2.0228,0.4681,34.0,3.18,Clonmacnoise,23.2,0.8,True
2433550.6785,1950,9,26,1950-09-26,2,total,1.0866,2.1628,0.3793,34.0,3.51,Clonmacnoise,30.3,0.92,True
2433699.39568,1951,2,21,1951-02-21,3,penumbral,-1.0581,0.0091,1.4948,35.0,0.0,,,0.0,False
2433728.9428,1951,3,23,1951-03-23,5,penumbral,-0.3579,0.6706,1.1781,35.0,0.0,,,0.0,False
2433875.63517,1951,8,17,1951-08-17,5,penumbral,-0.8373,0.1475,1.4846,35.0,0.0,,,0.0,False
2433905.01873,1951,9,15,1951-09-15,6,penumbral,-0.1852,0.8313,1.0928,35.0,0.0,,,0.0,False
2434053.52762,1952,2,11,1952-02-11,1,partial umbral,0.0902,1.2074,0.8526,36.0,1.22,Clonmacnoise,51.5,1.0,True
2434230.325,1952,8,5,1952-08-05,2,partial umbral,0.5407,1.5023,0.7557,36.0,2.48,Clonmacnoise,4.2,0.04,True
2434407.49146,1953,1,29,1953-01-29,4,total,1.339,2.4591,0.2358,37.0,3.78,Clonmacnoise,54.2,1.0,True
2434585.01472,1953,7,26,1953-07-26,0,total,1.8723,2.8556,0.007,37.0,3.61,,-90.0,0.0,False
2434761.60576,1954,1,19,1954-01-19,2,total,1.0399,2.1144,0.4115,37.0,3.4,Clonmacnoise,56.6,1.0,True
2434939.51456,1954,7,16,1954-07-16,5,partial umbral,0.4132,1.4487,0.7472,37.0,2.37,Clonmacnoise,15.2,1.0,True
2435116.02313,1955,1,8,1955-01-08,6,penumbral,-0.1352,0.8827,1.0884,38.0,0.0,,,0.0,False
2435264.09954,1955,6,5,1955-06-05,0,penumbral,-0.4416,0.6518,1.1138,38.0,0.0,,,0.0,False
2435441.20849,1955,11,29,1955-11-29,2,partial umbral,0.1261,1.1185,0.9748,38.0,1.27,Iona,12.5,0.72,True
2435618.147,1956,5,24,1956-05-24,4,partial umbral,0.9732,2.0473,0.4333,39.0,3.43,,-90.0,0.0,False
2435795.78343,1956,11,18,1956-11-18,0,total,1.3249,2.3568,0.286,39.0,3.51,Clonmacnoise,25.0,0.64,True
2435972.43853,1957,5,13,1957-05-13,1,total,1.3067,2.3289,0.2943,40.0,3.54,Clonmacnoise,17.5,0.88,True
2436150.1025,1957,11,7,1957-11-07,4,total,1.0378,2.1252,0.4017,40.0,3.46,,-90.0,0.0,False
2436297.6668,1958,4,4,1958-04-04,5,penumbral,-0.933,0.0421,1.5736,41.0,0.0,,,0.0,False
2436327.00935,1958,5,3,1958-05-03,6,partial umbral,0.0171,0.995,1.0319,41.0,0.48,,-90.0,0.0,False
2436504.1443,1958,10,27,1958-10-27,1,penumbral,-0.305,0.8115,1.0412,41.0,0.0,,,0.0,False
2436652.34171,1959,3,24,1959-03-24,2,partial umbral,0.2734,1.2668,0.8821,42.0,1.86,Armagh,18.2,0.92,True
2436828.54413,1959,9,17,1959-09-17,4,penumbral,-0.0413,1.0168,0.9661,42.0,0.0,,,0.0,False
2437006.85302,1960,3,13,1960-03-13,0,total,1.5224,2.5704,0.1726,43.0,3.67,,-90.0,0.0,False
2437182.97354,1960,9,5,1960-09-05,1,total,1.4335,2.4327,0.2396,43.0,3.53,,-90.0,0.0,False
2437361.06157,1961,3,2,1961-03-02,4,partial umbral,0.8087,1.913,0.505,44.0,3.23,,-90.0,0.0,False
2437537.6312,1961,8,26,1961-08-26,6,partial umbral,0.9955,1.9615,0.5004,44.0,3.12,Clonmacnoise,23.2,1.0,True
2437715.0442,1962,2,19,1962-02-19,1,penumbral,-0.4792,0.6417,1.1268,45.0,0.0,,,0.0,False
2437862.99646,1962,7,17,1962-07-17,2,penumbral,-0.5758,0.42,1.3191,45.0,0.0,,,0.0,False
2437892.33168,1962,8,15,1962-08-15,3,penumbral,-0.3534,0.624,1.2317,45.0,0.0,,,0.0,False
2438039.4721,1963,1,9,1963-01-09,3,penumbral,-0.0101,1.0475,0.9718,45.0,0.0,,,0.0,False
2438217.41875,1963,7,6,1963-07-06,6,partial umbral,0.714,1.765,0.579,45.0,3.02,Clonmacnoise,12.5,0.56,True
2438393.96362,1963,12,30,1963-12-30,1,total,1.3444,2.35,0.2913,45.0,3.42,,-90.0,0.0,False
2438571.54635,1964,6,25,1964-06-25,4,total,1.5648,2.6538,0.1317,46.0,3.9,Clonmacnoise,12.5,1.0,True
2438748.6098,1964,12,19,1964-12-19,6,total,1.1846,2.1757,0.3886,46.0,3.28,Clonmacnoise,59.3,1.0,True
2438925.57592,1965,6,14,1965-06-14,1,partial umbral,0.1845,1.2644,0.8195,47.0,1.71,Clonmacnoise,11.7,1.0,True
2439103.2157,1965,12,8,1965-12-08,3,penumbral,-0.1107,0.9117,1.0673,47.0,0.0,,,0.0,False
2439250.3835,1966,5,4,1966-05-04,3,penumbral,-0.065,0.9436,1.0359,48.0,0.0,,,0.0,False
2439427.92566,1966,10,29,1966-10-29,6,penumbral,-0.1173,0.9812,0.9697,48.0,0.0,,,0.0,False
2439605.00498,1967,4,24,1967-04-24,1,total,1.3451,2.3182,0.3029,49.0,3.4,,-90.0,0.0,False
2439781.92754,1967,10,18,1967-10-18,3,total,1.1499,2.2632,0.3289,49.0,3.66,,-90.0,0.0,False
2439959.70008,1968,4,13,1968-04-13,6,total,1.1202,2.1006,0.4239,50.0,3.25,Clonmacnoise,18.1,0.56,True
2440135.98784,1968,10,6,1968-10-06,0,total,1.1774,2.254,0.3344,50.0,3.58,,-90.0,0.0,False
2440314.27303,1969,4,2,1969-04-02,3,penumbral,-0.2963,0.7322,1.1418,51.0,0.0,,,0.0,False
2440460.95021,1969,8,27,1969-08-27,3,penumbral,-0.9435,0.0409,1.5466,51.0,0.0,,,0.0,False
2440490.34043,1969,9,25,1969-09-25,4,penumbral,-0.0874,0.9288,1.0442,51.0,0.0,,,0.0,False
2440638.85465,1970,2,21,1970-02-21,6,partial umbral,0.0532,1.1694,0.87,52.0,0.94,,-90.0,0.0,False
2440815.64182,1970,8,17,1970-08-17,1,partial umbral,0.4166,1.38,0.8243,52.0,2.22,Clonmacnoise,17.8,1.0,True
2440992.82304,1971,2,10,1971-02-10,3,total,1.3156,2.4323,0.2485,53.0,3.76,Clonmacnoise,19.0,0.4,True
2441170.32212,1971,8,6,1971-08-06,5,total,1.7375,2.7247,0.0792,53.0,3.61,Clonmacnoise,8.3,0.16,True
2441346.9542,1972,1,30,1972-01-30,0,total,1.0576,2.1279,0.4047,54.0,3.41,,-90.0,0.0,False
2441524.80306,1972,7,26,1972-07-26,3,partial umbral,0.5506,1.5904,0.6728,54.0,2.69,,-90.0,0.0,False
2441701.38742,1973,1,18,1973-01-18,4,penumbral,-0.1225,0.8925,1.0847,55.0,0.0,,,0.0,False
2441849.36849,1973,6,15,1973-06-15,5,penumbral,-0.5941,0.4982,1.1886,55.0,0.0,,,0.0,False
2441878.98561,1973,7,15,1973-07-15,0,penumbral,-0.9512,0.1331,1.3748,55.0,0.0,,,0.0,False
2442026.57315,1973,12,10,1973-12-10,1,partial umbral,0.108,1.1031,0.983,55.0,1.18,Clonmacnoise,58.9,1.0,True
2442203.42812,1974,6,4,1974-06-04,2,partial umbral,0.8353,1.9049,0.5047,56.0,3.25,Clonmacnoise,12.5,0.68,True
2442381.13475,1974,11,29,1974-11-29,5,total,1.2973,2.3341,0.2985,56.0,3.5,Iona,6.7,0.08,True
2442557.74214,1975,5,25,1975-05-25,0,total,1.434,2.4507,0.2295,57.0,3.6,,-90.0,0.0,False
2442735.43351,1975,11,18,1975-11-18,2,total,1.0715,2.1643,0.3823,57.0,3.5,Clonmacnoise,55.2,1.0,True
2442912.3299,1976,5,13,1976-05-13,4,partial umbral,0.1299,1.1038,0.9724,58.0,1.3,,-90.0,0.0,False
2443089.45971,1976,11,6,1976-11-06,6,penumbral,-0.2527,0.8672,1.0145,58.0,0.0,,,0.0,False
2443237.68002,1977,4,4,1977-04-04,1,partial umbral,0.2018,1.1944,0.9195,59.0,1.62,Clonmacnoise,18.8,1.0,True
2443413.85417,1977,9,27,1977-09-27,2,penumbral,-0.1278,0.9301,1.0135,59.0,0.0,,,0.0,False
2443592.18285,1978,3,24,1978-03-24,5,total,1.4598,2.5079,0.2046,60.0,3.66,,-90.0,0.0,False
2443768.2951,1978,9,16,1978-09-16,6,total,1.3362,2.3353,0.293,60.0,3.47,Armagh,17.4,0.44,True
2443946.38116,1979,3,13,1979-03-13,2,partial umbral,0.8619,1.9651,0.478,61.0,3.31,Clonmacnoise,33.6,1.0,True
2444122.95494,1979,9,6,1979-09-06,4,total,1.1031,2.0709,0.4403,61.0,3.22,,-90.0,0.0,False
2444300.36529,1980,3,1,1980-03-01,6,penumbral,-0.4331,0.6842,1.1059,62.0,0.0,,,0.0,False
2444448.29798,1980,7,27,1980-07-27,0,penumbral,-0.7187,0.2811,1.3904,62.0,0.0,,,0.0,False
2444477.64685,1980,8,26,1980-08-26,2,penumbral,-0.2448,0.7368,1.1683,62.0,0.0,,,0.0,False
2444624.82701,1981,1,20,1981-01-20,2,penumbral,-0.0107,1.0431,0.9759,63.0,0.0,,,0.0,False
2444802.69988,1981,7,17,1981-07-17,5,partial umbral,0.5566,1.6113,0.6561,63.0,2.74,Clonmacnoise,6.7,0.12,True
2444979.3311,1982,1,9,1982-01-09,6,total,1.3407,2.3444,0.2944,64.0,3.41,Armagh,42.5,1.0,True
2445156.81368,1982,7,6,1982-07-06,2,total,1.7264,2.8162,0.052,64.0,3.94,,-90.0,0.0,False
2445333.97904,1982,12,30,1982-12-30,4,total,1.1915,2.1836,0.3843,64.0,3.28,,-90.0,0.0,False
2445510.84934,1983,6,25,1983-06-25,6,partial umbral,0.3428,1.4196,0.7433,65.0,2.27,,-90.0,0.0,False
2445688.57637,1983,12,20,1983-12-20,2,penumbral,-0.1075,0.9187,1.0619,65.0,0.0,,,0.0,False
2445835.69522,1984,5,15,1984-05-15,2,penumbral,-0.1682,0.8348,1.0959,66.0,0.0,,,0.0,False
2445865.1018,1984,6,13,1984-06-13,3,penumbral,-0.9336,0.093,1.4589,66.0,0.0,,,0.0,False
2446013.24741,1984,11,8,1984-11-08,4,penumbral,-0.1749,0.9288,0.9951,66.0,0.0,,,0.0,False
2446190.33148,1985,5,4,1985-05-04,6,total,1.2461,2.2156,0.3592,67.0,3.33,Clonmacnoise,9.9,0.24,True
2446367.23831,1985,10,28,1985-10-28,1,total,1.0812,2.1972,0.3622,67.0,3.6,Armagh,21.0,0.52,True
2446545.03031,1986,4,24,1986-04-24,4,total,1.211,2.1904,0.3733,68.0,3.33,,-90.0,0.0,False
2446721.30469,1986,10,17,1986-10-17,5,total,1.2535,2.3304,0.2966,68.0,3.63,Armagh,31.5,0.84,True
2446899.59712,1987,4,14,1987-04-14,2,penumbral,-0.2228,0.806,1.0993,69.0,0.0,,,0.0,False
2447075.66835,1987,10,7,1987-10-07,3,penumbral,-0.0016,1.0145,1.0015,69.0,0.0,,,0.0,False
2447224.17618,1988,3,3,1988-03-03,4,partial umbral,0.0053,1.1199,0.893,70.0,0.3,,-90.0,0.0,False
2447400.96218,1988,8,27,1988-08-27,6,partial umbral,0.2999,1.2656,0.8885,70.0,1.91,,-90.0,0.0,False
2447578.15012,1989,2,20,1989-02-20,1,total,1.2821,2.3948,0.2664,71.0,3.74,,-90.0,0.0,False
2447755.63134,1989,8,17,1989-08-17,4,total,1.6075,2.5992,0.1481,71.0,3.59,Clonmacnoise,21.1,0.88,True
2447932.30003,1990,2,9,1990-02-09,5,total,1.0829,2.1483,0.394,72.0,3.42,Armagh,29.1,0.84,True
2448110.09256,1990,8,6,1990-08-06,1,partial umbral,0.6843,1.7291,0.6007,72.0,2.95,,-90.0,0.0,False
2448286.74976,1991,1,30,1991-01-30,3,penumbral,-0.1041,0.9074,1.078,74.0,0.0,,,0.0,False
2448434.63584,1991,6,27,1991-06-27,4,penumbral,-0.7495,0.3421,1.265,74.0,0.0,,,0.0,False
2448464.25609,1991,7,26,1991-07-26,5,penumbral,-0.8039,0.283,1.2995,74.0,0.0,,,0.0,False
2448611.94035,1991,12,21,1991-12-21,6,partial umbral,0.0952,1.0926,0.9882,74.0,1.11,,-90.0,0.0,False
2448788.7068,1992,6,15,1992-06-15,1,partial umbral,0.6905,1.756,0.5798,75.0,3.02,,-90.0,0.0,False
2448966.48959,1992,12,9,1992-12-09,3,total,1.2786,2.32,0.3064,75.0,3.5,Clonmacnoise,59.6,1.0,True
2449143.04266,1993,6,4,1993-06-04,5,total,1.5703,2.5819,0.1594,76.0,3.65,,-90.0,0.0,False
2449320.76885,1993,11,29,1993-11-29,1,total,1.0949,2.1925,0.3685,76.0,3.53,Clonmacnoise,30.3,0.84,True
2449497.6468,1994,5,25,1994-05-25,3,partial umbral,0.2515,1.2218,0.9076,77.0,1.78,Clonmacnoise,10.7,0.52,True
2449674.78115,1994,11,18,1994-11-18,5,penumbral,-0.2125,0.9104,0.9939,77.0,0.0,,,0.0,False
2449823.0133,1995,4,15,1995-04-15,6,partial umbral,0.1201,1.1121,0.9621,78.0,1.26,,-90.0,0.0,False
2449999.17025,1995,10,8,1995-10-08,0,penumbral,-0.203,0.8549,1.0554,78.0,0.0,,,0.0,False
2450177.50757,1996,4,4,1996-04-04,4,total,1.3876,2.4359,0.2414,79.0,3.64,Clonmacnoise,30.0,1.0,True
2450353.62183,1996,9,27,1996-09-27,5,total,1.2488,2.248,0.3413,79.0,3.41,Clonmacnoise,36.6,1.0,True
2450531.69479,1997,3,24,1997-03-24,1,partial umbral,0.9274,2.0292,0.4451,80.0,3.4,Clonmacnoise,27.8,0.84,True
2450708.28326,1997,9,16,1997-09-16,2,total,1.2007,2.1707,0.3854,80.0,3.29,Armagh,13.9,0.36,True
2450885.68131,1998,3,13,1998-03-13,5,penumbral,-0.3751,0.7381,1.0794,81.0,0.0,,,0.0,False
2451033.60135,1998,8,8,1998-08-08,6,penumbral,-0.8561,0.1483,1.4582,81.0,0.0,,,0.0,False
2451062.96613,1998,9,6,1998-09-06,0,penumbral,-0.146,0.8402,1.1104,81.0,0.0,,,0.0,False
2451210.17974,1999,1,31,1999-01-31,0,penumbral,-0.0171,1.0323,0.9833,83.0,0.0,,,0.0,False
2451387.98255,1999,7,28,1999-07-28,3,partial umbral,0.4046,1.4634,0.73,83.0,2.4,,-90.0,0.0,False
2451564.69768,2000,1,21,2000-01-21,5,total,1.3347,2.3361,0.2989,84.0,3.41,Clonmacnoise,46.3,1.0,True
2451742.08094,2000,7,16,2000-07-16,0,total,1.7761,2.867,0.0274,84.0,3.95,,-90.0,0.0,False
